-- 노트 디자인
insert into note_design values (1, 'design-url-1') ON DUPLICATE KEY UPDATE id=1;

-- 노트 레이아웃
insert into note_layout values (1) ON DUPLICATE KEY UPDATE id=1;

-- 사용자
insert into user values ('wldks', 1000, '의적', 'https://papers-bucket.s3.ap-northeast-2.amazonaws.com/dummy-user/wldks/%EC%9D%98%EC%A0%81.png', '$2a$10$9RbUeMd5zBbv1bic5Me.euAyCi1fqlwbWhKfmn0k3D7bnqJCtJhx.') ON DUPLICATE KEY UPDATE user_id='wldks';
insert into user values ('tksgk', 1000, '로봇', 'https://papers-bucket.s3.ap-northeast-2.amazonaws.com/dummy-user/tksgk/%EB%A1%9C%EB%B4%87.jpg', '$2a$10$9RbUeMd5zBbv1bic5Me.euAyCi1fqlwbWhKfmn0k3D7bnqJCtJhx.') ON DUPLICATE KEY UPDATE user_id='tksgk';
insert into user values ('wodud', 1000, '카누', 'https://papers-bucket.s3.ap-northeast-2.amazonaws.com/dummy-user/wodud/%EC%B9%B4%EB%88%84.jpg', '$2a$10$9RbUeMd5zBbv1bic5Me.euAyCi1fqlwbWhKfmn0k3D7bnqJCtJhx.') ON DUPLICATE KEY UPDATE user_id='wodud';
insert into user values ('qjawls', 1000, '마카롱', 'https://papers-bucket.s3.ap-northeast-2.amazonaws.com/dummy-user/qjawls/%EB%A7%88%EC%B9%B4%EB%A1%B1.jpg', '$2a$10$9RbUeMd5zBbv1bic5Me.euAyCi1fqlwbWhKfmn0k3D7bnqJCtJhx.') ON DUPLICATE KEY UPDATE user_id='qjawls';
insert into user values ('wlgns', 1000, '착한 훈이', 'https://papers-bucket.s3.ap-northeast-2.amazonaws.com/dummy-user/wlgns/%ED%9B%88.jpg', '$2a$10$9RbUeMd5zBbv1bic5Me.euAyCi1fqlwbWhKfmn0k3D7bnqJCtJhx.') ON DUPLICATE KEY UPDATE user_id='wlgns';
insert into user values ('ssafy_consult', 1000, '컨설턴트', 'https://papers-bucket.s3.ap-northeast-2.amazonaws.com/dummy-user/ssafy_consult/ssafy.png', '$2a$10$9RbUeMd5zBbv1bic5Me.euAyCi1fqlwbWhKfmn0k3D7bnqJCtJhx.') ON DUPLICATE KEY UPDATE user_id='ssafy_consult';
insert into user values ('ssafy_coach', 1000, '코치', 'https://papers-bucket.s3.ap-northeast-2.amazonaws.com/dummy-user/ssafy_coach/ssafy.png', '$2a$10$9RbUeMd5zBbv1bic5Me.euAyCi1fqlwbWhKfmn0k3D7bnqJCtJhx.') ON DUPLICATE KEY UPDATE user_id='ssafy_coach';

-- 폰트
insert into font values (1, '기본체', 0, 'Pretendard Variable') ON DUPLICATE KEY UPDATE id=1;
insert into font values (2, '코트라 희망체', 50, 'KOTRAHOPE') ON DUPLICATE KEY UPDATE id=2;
insert into font values (3, '교보 손글씨체', 50, 'KyoboHand') ON DUPLICATE KEY UPDATE id=3;
insert into font values (4, '완도 희망체', 50, 'WandohopeB') ON DUPLICATE KEY UPDATE id=4;
insert into font values (5, '카페24 써라운드에어', 50, 'Cafe24SsurroundAir') ON DUPLICATE KEY UPDATE id=5;
insert into font values (6, '티웨이하늘체', 50, 'twaysky') ON DUPLICATE KEY UPDATE id=6;
insert into font values (7, 'Y이드스트릿체', 50, 'YdestreetB') ON DUPLICATE KEY UPDATE id=7;
insert into font values (8, '정묵 바위체', 50, 'SangSangRock') ON DUPLICATE KEY UPDATE id=8;
insert into font values (9, '서평원 꺾깎체', 50, 'SLEIGothicTTF') ON DUPLICATE KEY UPDATE id=9;
insert into font values (10, '어비 깡자체', 50, 'UhBeeKang-Ja') ON DUPLICATE KEY UPDATE id=10;
insert into font values (11, '조선일보 명조체', 50, 'Chosunilbo_myungjo') ON DUPLICATE KEY UPDATE id=11;
insert into font values (12, '경기천년바탕체', 50, 'GyeonggiBatang') ON DUPLICATE KEY UPDATE id=12;
insert into font values (13, '가나 초콜릿체', 50, 'ghanachoco') ON DUPLICATE KEY UPDATE id=13;
insert into font values (14, '도스명조체', 50, 'DOSMyungjo') ON DUPLICATE KEY UPDATE id=14;
insert into font values (15, '서울한강체', 50, 'SeoulHangangM') ON DUPLICATE KEY UPDATE id=15;
insert into font values (16, '어그로체', 50, 'SBAggroB') ON DUPLICATE KEY UPDATE id=16;
insert into font values (17, '둥근모꼴', 50, 'DungGeunMo') ON DUPLICATE KEY UPDATE id=17;
insert into font values (18, '웰컴체', 50, 'OTWelcomeRA') ON DUPLICATE KEY UPDATE id=18;
insert into font values (19, '고운돋음', 50, 'GowunDodum-Regular') ON DUPLICATE KEY UPDATE id=19;
insert into font values (20, '망고빙수', 50, 'SF_IceMango') ON DUPLICATE KEY UPDATE id=20;


-- 유저 폰트
--insert into user_font values (1, 1, 'wldks') ON DUPLICATE KEY UPDATE id=1;
--insert into user_font values (2, 1, 'tksgk') ON DUPLICATE KEY UPDATE id=2;
--insert into user_font values (3, 1, 'wodud') ON DUPLICATE KEY UPDATE id=3;
--insert into user_font values (4, 1, 'qjawls') ON DUPLICATE KEY UPDATE id=4;
--insert into user_font values (5, 1, 'wlgns') ON DUPLICATE KEY UPDATE id=5;
--insert into user_font values (6, 1, 'ssafy_consult') ON DUPLICATE KEY UPDATE id=6;
--insert into user_font values (7, 1, 'ssafy_coach') ON DUPLICATE KEY UPDATE id=7;
INSERT INTO `user_font` VALUES (1,1,'wldks') ON DUPLICATE KEY UPDATE id=1;
INSERT INTO `user_font` VALUES (2,1,'tksgk') ON DUPLICATE KEY UPDATE id=2;
INSERT INTO `user_font` VALUES (3,1,'wodud') ON DUPLICATE KEY UPDATE id=3;
INSERT INTO `user_font` VALUES (4,1,'qjawls') ON DUPLICATE KEY UPDATE id=4;
INSERT INTO `user_font` VALUES (5,1,'wlgns') ON DUPLICATE KEY UPDATE id=5;
INSERT INTO `user_font` VALUES (6,1,'ssafy_consult') ON DUPLICATE KEY UPDATE id=6;
INSERT INTO `user_font` VALUES (7,1,'ssafy_coach') ON DUPLICATE KEY UPDATE id=7;
INSERT INTO `user_font` VALUES (8,6,'wlgns') ON DUPLICATE KEY UPDATE id=8;
INSERT INTO `user_font` VALUES (9,10,'wlgns') ON DUPLICATE KEY UPDATE id=9;
INSERT INTO `user_font` VALUES (10,16,'wlgns') ON DUPLICATE KEY UPDATE id=10;
INSERT INTO `user_font` VALUES (11,3,'ssafy_consult') ON DUPLICATE KEY UPDATE id=11;
INSERT INTO `user_font` VALUES (12,2,'ssafy_coach') ON DUPLICATE KEY UPDATE id=12;
INSERT INTO `user_font` VALUES (13,5,'tksgk') ON DUPLICATE KEY UPDATE id=13;


-- 스티커 패키지
insert into sticker_package values (1, 'pack1', 50) ON DUPLICATE KEY UPDATE id=1;
insert into sticker_package values (2, 'Circle', 50) ON DUPLICATE KEY UPDATE id=2;
insert into sticker_package values (3, 'star', 50) ON DUPLICATE KEY UPDATE id=3;
insert into sticker_package values (4, 'Heart', 50) ON DUPLICATE KEY UPDATE id=4;

-- 다이어리 커버
insert into diary_cover values (1, '기본 살구색 커버', 150, 'https://papers-bucket.s3.ap-northeast-2.amazonaws.com/base-cover/basic_cover1.jpg') ON DUPLICATE KEY UPDATE id=1;
insert into diary_cover values (2, '기본 민트색 커버', 150, 'https://papers-bucket.s3.ap-northeast-2.amazonaws.com/base-cover/basic_cover2.jpg') ON DUPLICATE KEY UPDATE id=2;
insert into diary_cover values (3, '기본 검은색 커버', 150, 'https://papers-bucket.s3.ap-northeast-2.amazonaws.com/base-cover/basic_cover3.jpg') ON DUPLICATE KEY UPDATE id=3;
insert into diary_cover values (4, '기본 체크 커버', 150, 'https://papers-bucket.s3.ap-northeast-2.amazonaws.com/base-cover/basic_cover4.jpg') ON DUPLICATE KEY UPDATE id=4;
insert into diary_cover values (5, '알록 달록 포장지', 150, 'https://papers-bucket.s3.ap-northeast-2.amazonaws.com/store/diary-cover/store_cover1.jpg') ON DUPLICATE KEY UPDATE id=5;
insert into diary_cover values (6, '바다위에 올챙이', 150, 'https://papers-bucket.s3.ap-northeast-2.amazonaws.com/store/diary-cover/store_cover2.jpg') ON DUPLICATE KEY UPDATE id=6;
insert into diary_cover values (7, '별 사탕 팡팡', 150, 'https://papers-bucket.s3.ap-northeast-2.amazonaws.com/store/diary-cover/store_cover3.jpg') ON DUPLICATE KEY UPDATE id=7;
insert into diary_cover values (8, '케익 좋아하는 사람?', 150, 'https://papers-bucket.s3.ap-northeast-2.amazonaws.com/store/diary-cover/store_cover4.jpg') ON DUPLICATE KEY UPDATE id=8;
insert into diary_cover values (9, '구겨놓은 종이', 150, 'https://papers-bucket.s3.ap-northeast-2.amazonaws.com/store/diary-cover/store_cover5.jpg') ON DUPLICATE KEY UPDATE id=9;
insert into diary_cover values (10, '파랑색 식탁보', 150, 'https://papers-bucket.s3.ap-northeast-2.amazonaws.com/store/diary-cover/store_cover6.jpg') ON DUPLICATE KEY UPDATE id=10;
insert into diary_cover values (11, '분홍색 식탁보', 150, 'https://papers-bucket.s3.ap-northeast-2.amazonaws.com/store/diary-cover/store_cover7.jpg') ON DUPLICATE KEY UPDATE id=11;
insert into diary_cover values (12, '커버명 : - 미 정 -', 150, 'https://papers-bucket.s3.ap-northeast-2.amazonaws.com/store/diary-cover/store_cover8.jpg') ON DUPLICATE KEY UPDATE id=12;
insert into diary_cover values (13, '할아부지 식탁보', 150, 'https://papers-bucket.s3.ap-northeast-2.amazonaws.com/store/diary-cover/store_cover9.jpg') ON DUPLICATE KEY UPDATE id=13;
insert into diary_cover values (14, '한정판일 것 같은 커버', 150, 'https://papers-bucket.s3.ap-northeast-2.amazonaws.com/store/diary-cover/store_cover10.jpg') ON DUPLICATE KEY UPDATE id=14;

-- 기본 일기장
--insert into diary values (1, sysdate(), '기본 일기장', 1, 'wldks') ON DUPLICATE KEY UPDATE id=1;
--insert into diary values (2, sysdate(), '기본 일기장', 1, 'tksgk') ON DUPLICATE KEY UPDATE id=2;
--insert into diary values (3, sysdate(), '기본 일기장', 1, 'wodud') ON DUPLICATE KEY UPDATE id=3;
--insert into diary values (4, sysdate(), '기본 일기장', 1, 'qjawls') ON DUPLICATE KEY UPDATE id=4;
--insert into diary values (5, sysdate(), '기본 일기장', 1, 'wlgns') ON DUPLICATE KEY UPDATE id=5;
--insert into diary values (6, sysdate(), '기본 일기장', 1, 'ssafy_consult') ON DUPLICATE KEY UPDATE id=6;
--insert into diary values (7, sysdate(), '기본 일기장', 1, 'ssafy_coach') ON DUPLICATE KEY UPDATE id=7;

INSERT INTO `diary` VALUES (1,'2021-11-18','기본 일기장',1,'wldks') ON DUPLICATE KEY UPDATE id=1;
INSERT INTO `diary` VALUES (2,'2021-11-18','기본 일기장',1,'tksgk') ON DUPLICATE KEY UPDATE id=2;
INSERT INTO `diary` VALUES (3,'2021-11-18','기본 일기장',1,'wodud') ON DUPLICATE KEY UPDATE id=3;
INSERT INTO `diary` VALUES (4,'2021-11-18','기본 일기장',1,'qjawls') ON DUPLICATE KEY UPDATE id=4;
INSERT INTO `diary` VALUES (5,'2021-11-18','기본 일기장',1,'wlgns') ON DUPLICATE KEY UPDATE id=5;
INSERT INTO `diary` VALUES (6,'2021-11-18','기본 일기장',1,'ssafy_consult') ON DUPLICATE KEY UPDATE id=6;
INSERT INTO `diary` VALUES (7,'2021-11-18','기본 일기장',1,'ssafy_coach') ON DUPLICATE KEY UPDATE id=7;
INSERT INTO `diary` VALUES (8,'2021-11-18','SSAFY 일기장♥',6,'wlgns') ON DUPLICATE KEY UPDATE id=8;
INSERT INTO `diary` VALUES (9,'2021-11-18','단짝 일기★',7,'tksgk') ON DUPLICATE KEY UPDATE id=9;

-- 노트
--insert into note (id, note_content, note_create_date, note_create_time, note_title, diary_id, font_id, design_id, layout_id, writer_id)
-- values (1, 'content1', sysdate(), localtime(), 'title1', 1, 1, 1, 1, 'test1') ON DUPLICATE KEY UPDATE id = 1;

-- 스티커
insert into sticker values (1, 'https://papers-bucket.s3.ap-northeast-2.amazonaws.com/store/sticker/pack1/sticker1.png', 1) ON DUPLICATE KEY UPDATE id=1;
insert into sticker values (2, 'https://papers-bucket.s3.ap-northeast-2.amazonaws.com/store/sticker/pack1/sticker2.png', 1) ON DUPLICATE KEY UPDATE id=2;
insert into sticker values (3, 'https://papers-bucket.s3.ap-northeast-2.amazonaws.com/store/sticker/pack1/sticker3.png', 1) ON DUPLICATE KEY UPDATE id=3;
insert into sticker values (4, 'https://papers-bucket.s3.ap-northeast-2.amazonaws.com/store/sticker/pack1/sticker4.png', 1) ON DUPLICATE KEY UPDATE id=4;
insert into sticker values (5, 'https://papers-bucket.s3.ap-northeast-2.amazonaws.com/store/sticker/pack1/sticker5.png', 1) ON DUPLICATE KEY UPDATE id=5;
insert into sticker values (6, 'https://papers-bucket.s3.ap-northeast-2.amazonaws.com/store/sticker/pack1/sticker6.png', 1) ON DUPLICATE KEY UPDATE id=6;

insert into sticker values (7, 'https://papers-bucket.s3.ap-northeast-2.amazonaws.com/store/sticker/Circle/circle1.png', 2) ON DUPLICATE KEY UPDATE id=7;
insert into sticker values (8, 'https://papers-bucket.s3.ap-northeast-2.amazonaws.com/store/sticker/Circle/circle2.png', 2) ON DUPLICATE KEY UPDATE id=8;
insert into sticker values (9, 'https://papers-bucket.s3.ap-northeast-2.amazonaws.com/store/sticker/Circle/circle3.png', 2) ON DUPLICATE KEY UPDATE id=9;
insert into sticker values (10, 'https://papers-bucket.s3.ap-northeast-2.amazonaws.com/store/sticker/Circle/circle4.png', 2) ON DUPLICATE KEY UPDATE id=10;
insert into sticker values (11, 'https://papers-bucket.s3.ap-northeast-2.amazonaws.com/store/sticker/Circle/circle5.png', 2) ON DUPLICATE KEY UPDATE id=11;
insert into sticker values (12, 'https://papers-bucket.s3.ap-northeast-2.amazonaws.com/store/sticker/Circle/circle6.png', 2) ON DUPLICATE KEY UPDATE id=12;

insert into sticker values (13, 'https://papers-bucket.s3.ap-northeast-2.amazonaws.com/store/sticker/star/star1.png', 3) ON DUPLICATE KEY UPDATE id=13;
insert into sticker values (14, 'https://papers-bucket.s3.ap-northeast-2.amazonaws.com/store/sticker/star/star2.png', 3) ON DUPLICATE KEY UPDATE id=14;
insert into sticker values (15, 'https://papers-bucket.s3.ap-northeast-2.amazonaws.com/store/sticker/star/star3.png', 3) ON DUPLICATE KEY UPDATE id=15;
insert into sticker values (16, 'https://papers-bucket.s3.ap-northeast-2.amazonaws.com/store/sticker/star/star4.png', 3) ON DUPLICATE KEY UPDATE id=16;
insert into sticker values (17, 'https://papers-bucket.s3.ap-northeast-2.amazonaws.com/store/sticker/star/star5.png', 3) ON DUPLICATE KEY UPDATE id=17;
insert into sticker values (18, 'https://papers-bucket.s3.ap-northeast-2.amazonaws.com/store/sticker/star/star6.png', 3) ON DUPLICATE KEY UPDATE id=18;

insert into sticker values (19, 'https://papers-bucket.s3.ap-northeast-2.amazonaws.com/store/sticker/Heart/heart1.png', 4) ON DUPLICATE KEY UPDATE id=19;
insert into sticker values (20, 'https://papers-bucket.s3.ap-northeast-2.amazonaws.com/store/sticker/Heart/heart2.png', 4) ON DUPLICATE KEY UPDATE id=20;
insert into sticker values (21, 'https://papers-bucket.s3.ap-northeast-2.amazonaws.com/store/sticker/Heart/heart3.png', 4) ON DUPLICATE KEY UPDATE id=21;
insert into sticker values (22, 'https://papers-bucket.s3.ap-northeast-2.amazonaws.com/store/sticker/Heart/heart4.png', 4) ON DUPLICATE KEY UPDATE id=22;
insert into sticker values (23, 'https://papers-bucket.s3.ap-northeast-2.amazonaws.com/store/sticker/Heart/heart6.png', 4) ON DUPLICATE KEY UPDATE id=23;
insert into sticker values (24, 'https://papers-bucket.s3.ap-northeast-2.amazonaws.com/store/sticker/Heart/heart5.png', 4) ON DUPLICATE KEY UPDATE id=24;

-- 유저 스티커 패키지
INSERT INTO `user_sticker_package` VALUES (1,1,'wlgns') ON DUPLICATE KEY UPDATE id=1;
INSERT INTO `user_sticker_package` VALUES (2,2,'wlgns') ON DUPLICATE KEY UPDATE id=2;
INSERT INTO `user_sticker_package` VALUES (3,3,'ssafy_consult') ON DUPLICATE KEY UPDATE id=3;
INSERT INTO `user_sticker_package` VALUES (4,4,'ssafy_coach') ON DUPLICATE KEY UPDATE id=4;
INSERT INTO `user_sticker_package` VALUES (5,4,'tksgk') ON DUPLICATE KEY UPDATE id=5;


-- 노트
INSERT INTO `note` VALUES (1,'오므라이스인지, 뭔지 모르겠네\n그리고 카페가서 빙수 먹었는데 ㄱㅊ\n또 가야지','2021-11-02','20:21:07','오늘 먹은 거 기록',8,1,1,1,'wlgns') ON DUPLICATE KEY UPDATE id=1;
INSERT INTO `note` VALUES (2,'오랜만에 밖에 나갔다가\n찰칵.\n그 누구도 내 셔터를 멈출 수 없어.','2021-11-02','20:22:27','오늘은 센치해지는 날',8,10,1,1,'wlgns') ON DUPLICATE KEY UPDATE id=2;
INSERT INTO `note` VALUES (3,'초코 그리고 우유\n우리집 댕댕스','2021-11-03','20:26:06','초코와 우유(초코우유 아님)',8,1,1,1,'wlgns') ON DUPLICATE KEY UPDATE id=3;
INSERT INTO `note` VALUES (4,'짝사랑은 힘들구나\n한 번쯤 날 봐줘도 괜찮잖아','2021-11-03','20:26:54','너는 왜 이렇게 새침한거니',8,6,1,1,'wlgns') ON DUPLICATE KEY UPDATE id=4;
INSERT INTO `note` VALUES (5,'왜 그런 날 있잖아요\n혼자 맥주 두 병씩 먹고싶은,\n그런날 . . . . . .','2021-11-05','20:28:24','네 저 술 마셨어요',8,10,1,1,'wlgns') ON DUPLICATE KEY UPDATE id=5;
INSERT INTO `note` VALUES (6,'일본에서 한 컷 찍었다.\n기분이 좋다.\n현지인이 된 것 같은 기분?\n하루종일 이거 입고 돌아다님 굿.','2021-11-07','20:30:05','일본 여행 기록',8,1,1,1,'wlgns') ON DUPLICATE KEY UPDATE id=6;
INSERT INTO `note` VALUES (7,'오늘 고추를 수확했다.\n할머니, 할아버지도 뵙고\n보람찬 하루였다. \n참고로 난 고추를 못 먹어.\n맵거든','2021-11-07','20:32:41','오랜만에 쓰는 개인일기',5,1,1,1,'wlgns') ON DUPLICATE KEY UPDATE id=7;
INSERT INTO `note` VALUES (8,'무슨 사료 가격이 이 모양이냐...\n표지에 SUPER 써 놓고 \n이 가격에 파네... 넘비싸','2021-11-10','20:35:58','개사료 가격 실화?',8,1,1,1,'wlgns') ON DUPLICATE KEY UPDATE id=8;
INSERT INTO `note` VALUES (9,'얘들아, 오늘은 내가 놀러갔다온 곳을 주제로\n일기를 쓴다.\n각각 어딘지는 나도 기억안나\n아무튼 재밌었다는 것만 알아줭 >_<','2021-11-10','20:40:50','여행스타그램',8,1,1,1,'wlgns') ON DUPLICATE KEY UPDATE id=9;
INSERT INTO `note` VALUES (10,'하루에 일기 10개 넘게 쓰는 중...\nFeel 받아서 계속 쓰는중.\n계속해서 매섭게 쏘겠어 ~\n오늘 뭔가 감성 충만하다랄까 \n나의 feeling을 너희들에게 전할 수 있어서\n기부니가 좋다','2021-11-10','20:42:45','하이룽 일기 꽂혔다.',8,1,1,1,'wlgns') ON DUPLICATE KEY UPDATE id=10;
INSERT INTO `note` VALUES (11,'그냥.\n페퍼 귀엽당','2021-11-11','20:48:11','여긴 어디 나는 누구',5,16,1,1,'wlgns') ON DUPLICATE KEY UPDATE id=11;
INSERT INTO `note` VALUES (12,'첫 눈이 내린다.\n흙에 닿으면 흙으로\n눈물로 닿으면 눈물로\n내리는 족족 녹으며\n자꾸 내린다','2021-11-12','20:53:20','첫 눈.',8,10,1,1,'wlgns') ON DUPLICATE KEY UPDATE id=12;
INSERT INTO `note` VALUES (13,'이거 당근에 올리려다가\n여기다 먼저 물어본다\n살 사람?\n8만원\nㅈㅅ','2021-11-13','20:56:00','페퍼 마켓 ㄱ?',8,16,1,1,'wlgns') ON DUPLICATE KEY UPDATE id=13;
INSERT INTO `note` VALUES (14,'요즘 feel 받았니?!\n녀석~','2021-11-16','20:57:36','후니 일기 많이 쓰네',8,1,1,1,'qjawls') ON DUPLICATE KEY UPDATE id=14;
INSERT INTO `note` VALUES (15,'룰루 랄라~☞☜\n선물은 여기루\n(신한) 110-436-12345','2021-11-18','20:59:15','오늘 내 생일이야 애들아',8,1,1,1,'wodud') ON DUPLICATE KEY UPDATE id=15;
INSERT INTO `note` VALUES (16,'예시로 일기 하나 써 놓겠습니다\n공유 일기에서 ssafy 일기 구경도 가능해용\n내일은 프로젝트 최종 발표 ~~\n자율 프로젝트 기간 동안 감사했습니당\n- 대전 1반 2팀 드림 -','2021-11-18','21:03:37','샘플 일기',6,3,1,1,'ssafy_consult') ON DUPLICATE KEY UPDATE id=16;
INSERT INTO `note` VALUES (17,'스티커 붙이깅','2021-11-18','21:05:00','스티커 붙이기',6,1,1,1,'ssafy_consult') ON DUPLICATE KEY UPDATE id=17;
INSERT INTO `note` VALUES (18,'예시로 일기 하나 써 놓겠습니다\n공유 일기에서 ssafy 일기 구경도 가능해용\n내일은 프로젝트 최종 발표 ~~\n자율 프로젝트 기간 동안 감사했습니당\n- 대전 1반 2팀 드림 -','2021-11-18','21:06:46','샘플 일기',7,2,1,1,'ssafy_coach') ON DUPLICATE KEY UPDATE id=18;
INSERT INTO `note` VALUES (19,'하트 스티커 붙이기','2021-11-18','21:07:37','하트 스티커 붙이기',7,1,1,1,'ssafy_coach') ON DUPLICATE KEY UPDATE id=19;
INSERT INTO `note` VALUES (20,'앞으로도 잘 지내자\n친구야, 아프지말자\n건강하게 오래오래\n행복하자~ 행복하자~\n아프지말고, 그래 그래 우우우우~','2021-11-18','21:11:57','앞으로도 잘 지내자',9,5,1,1,'tksgk') ON DUPLICATE KEY UPDATE id=20;
INSERT INTO `note` VALUES (21,'내 갬성을 채울만한 장소는\n갬성 카페밖에 없다.\n앞으로도 잘 부탇해 ㅎ','2021-11-18','21:14:28','갬성 카페',8,10,1,1,'wlgns') ON DUPLICATE KEY UPDATE id=21;

-- 노트 해시태그
INSERT INTO `note_hashtag` VALUES (1,'음식',1) ON DUPLICATE KEY UPDATE id=1;
INSERT INTO `note_hashtag` VALUES (2,'카페',1) ON DUPLICATE KEY UPDATE id=2;
INSERT INTO `note_hashtag` VALUES (3,'갬성',2) ON DUPLICATE KEY UPDATE id=3;
INSERT INTO `note_hashtag` VALUES (4,'멋진 나',2) ON DUPLICATE KEY UPDATE id=4;
INSERT INTO `note_hashtag` VALUES (5,'애완동물',3) ON DUPLICATE KEY UPDATE id=5;
INSERT INTO `note_hashtag` VALUES (6,'애완동물',4) ON DUPLICATE KEY UPDATE id=6;
INSERT INTO `note_hashtag` VALUES (7,'짝사랑',4) ON DUPLICATE KEY UPDATE id=7;
INSERT INTO `note_hashtag` VALUES (8,'마시쩡',5) ON DUPLICATE KEY UPDATE id=8;
INSERT INTO `note_hashtag` VALUES (12,'여행스타그램',9) ON DUPLICATE KEY UPDATE id=12;
INSERT INTO `note_hashtag` VALUES (17,'무지성',11) ON DUPLICATE KEY UPDATE id=17;
INSERT INTO `note_hashtag` VALUES (20,'갬성',12) ON DUPLICATE KEY UPDATE id=20;
INSERT INTO `note_hashtag` VALUES (21,'시',12) ON DUPLICATE KEY UPDATE id=21;
INSERT INTO `note_hashtag` VALUES (22,'판다',13) ON DUPLICATE KEY UPDATE id=22;
INSERT INTO `note_hashtag` VALUES (23,'사라고',13) ON DUPLICATE KEY UPDATE id=23;
INSERT INTO `note_hashtag` VALUES (24,'싸게 줄게',13) ON DUPLICATE KEY UPDATE id=24;
INSERT INTO `note_hashtag` VALUES (25,'어그로',14) ON DUPLICATE KEY UPDATE id=25;
INSERT INTO `note_hashtag` VALUES (26,'내 생일',15) ON DUPLICATE KEY UPDATE id=26;
INSERT INTO `note_hashtag` VALUES (27,'선물줘',15) ON DUPLICATE KEY UPDATE id=27;
INSERT INTO `note_hashtag` VALUES (28,'ssafy',16) ON DUPLICATE KEY UPDATE id=28;
INSERT INTO `note_hashtag` VALUES (29,'자율프로젝트',16) ON DUPLICATE KEY UPDATE id=29;
INSERT INTO `note_hashtag` VALUES (30,'별',17) ON DUPLICATE KEY UPDATE id=30;
INSERT INTO `note_hashtag` VALUES (31,'샘플 일기',18) ON DUPLICATE KEY UPDATE id=31;
INSERT INTO `note_hashtag` VALUES (32,'하트',19) ON DUPLICATE KEY UPDATE id=32;
INSERT INTO `note_hashtag` VALUES (33,'아프지말고~',20) ON DUPLICATE KEY UPDATE id=33;
INSERT INTO `note_hashtag` VALUES (34,'갬성',21) ON DUPLICATE KEY UPDATE id=34;
INSERT INTO `note_hashtag` VALUES (35,'카페',21) ON DUPLICATE KEY UPDATE id=35;
INSERT INTO `note_hashtag` VALUES (36,'기분 좋아짐',10) ON DUPLICATE KEY UPDATE id=36;
INSERT INTO `note_hashtag` VALUES (37,'스웩',10) ON DUPLICATE KEY UPDATE id=37;
INSERT INTO `note_hashtag` VALUES (38,'갬성',10) ON DUPLICATE KEY UPDATE id=38;
INSERT INTO `note_hashtag` VALUES (39,'슬퍼용',8) ON DUPLICATE KEY UPDATE id=39;
INSERT INTO `note_hashtag` VALUES (40,'갬성',8) ON DUPLICATE KEY UPDATE id=40;
INSERT INTO `note_hashtag` VALUES (41,'농사그램',7) ON DUPLICATE KEY UPDATE id=41;
INSERT INTO `note_hashtag` VALUES (42,'갬성',7) ON DUPLICATE KEY UPDATE id=42;
INSERT INTO `note_hashtag` VALUES (43,'여행',6) ON DUPLICATE KEY UPDATE id=43;
INSERT INTO `note_hashtag` VALUES (44,'멋진 나',6) ON DUPLICATE KEY UPDATE id=44;
INSERT INTO `note_hashtag` VALUES (45,'갬성',6) ON DUPLICATE KEY UPDATE id=45;

-- 노트 스티커
INSERT INTO `note_sticker` VALUES (1,'173px','26px',1,2) ON DUPLICATE KEY UPDATE id=1;
INSERT INTO `note_sticker` VALUES (2,'36px','23px',2,9) ON DUPLICATE KEY UPDATE id=2;
INSERT INTO `note_sticker` VALUES (3,'96px','220px',5,9) ON DUPLICATE KEY UPDATE id=3;
INSERT INTO `note_sticker` VALUES (4,'281px','129px',11,1) ON DUPLICATE KEY UPDATE id=4;
INSERT INTO `note_sticker` VALUES (5,'176px','68px',11,2) ON DUPLICATE KEY UPDATE id=5;
INSERT INTO `note_sticker` VALUES (6,'63px','124px',11,3) ON DUPLICATE KEY UPDATE id=6;
INSERT INTO `note_sticker` VALUES (7,'104px','70px',11,4) ON DUPLICATE KEY UPDATE id=7;
INSERT INTO `note_sticker` VALUES (8,'239px','69px',11,6) ON DUPLICATE KEY UPDATE id=8;
INSERT INTO `note_sticker` VALUES (9,'54px','14px',13,6) ON DUPLICATE KEY UPDATE id=9;
INSERT INTO `note_sticker` VALUES (10,'142px','59px',17,13) ON DUPLICATE KEY UPDATE id=10;
INSERT INTO `note_sticker` VALUES (11,'234px','61px',17,14) ON DUPLICATE KEY UPDATE id=11;
INSERT INTO `note_sticker` VALUES (12,'123px','143px',17,15) ON DUPLICATE KEY UPDATE id=12;
INSERT INTO `note_sticker` VALUES (13,'62px','80px',17,16) ON DUPLICATE KEY UPDATE id=13;
INSERT INTO `note_sticker` VALUES (14,'200px','141px',17,17) ON DUPLICATE KEY UPDATE id=14;
INSERT INTO `note_sticker` VALUES (15,'146px','96px',19,19) ON DUPLICATE KEY UPDATE id=15;
INSERT INTO `note_sticker` VALUES (16,'206px','48px',19,21) ON DUPLICATE KEY UPDATE id=16;
INSERT INTO `note_sticker` VALUES (17,'58px','215px',19,23) ON DUPLICATE KEY UPDATE id=17;
INSERT INTO `note_sticker` VALUES (18,'284px','167px',19,22) ON DUPLICATE KEY UPDATE id=18;
INSERT INTO `note_sticker` VALUES (19,'32px','68px',19,24) ON DUPLICATE KEY UPDATE id=19;
INSERT INTO `note_sticker` VALUES (20,'62px','37px',20,21) ON DUPLICATE KEY UPDATE id=20;
INSERT INTO `note_sticker` VALUES (21,'23px','31px',20,22) ON DUPLICATE KEY UPDATE id=21;
INSERT INTO `note_sticker` VALUES (22,'287px','44px',20,19) ON DUPLICATE KEY UPDATE id=22;

-- 노트 미디어
INSERT INTO `note_media` VALUES (1,'.jpg','https://papers-bucket.s3.amazonaws.com/diary-file/wlgns/8/KakaoTalk_20211118_172911109.jpg',1) ON DUPLICATE KEY UPDATE id=1;
INSERT INTO `note_media` VALUES (2,'.jpg','https://papers-bucket.s3.amazonaws.com/diary-file/wlgns/8/KakaoTalk_20211118_172911109_01.jpg',1) ON DUPLICATE KEY UPDATE id=2;
INSERT INTO `note_media` VALUES (3,'.jpg','https://papers-bucket.s3.amazonaws.com/diary-file/wlgns/8/KakaoTalk_20211118_173740721_02.jpg',2) ON DUPLICATE KEY UPDATE id=3;
INSERT INTO `note_media` VALUES (4,'.jpg','https://papers-bucket.s3.amazonaws.com/diary-file/wlgns/8/KakaoTalk_20211118_192838319.jpg',3) ON DUPLICATE KEY UPDATE id=4;
INSERT INTO `note_media` VALUES (5,'.jpg','https://papers-bucket.s3.amazonaws.com/diary-file/wlgns/8/KakaoTalk_20211118_172911109_02.jpg',4) ON DUPLICATE KEY UPDATE id=5;
INSERT INTO `note_media` VALUES (6,'.jpg','https://papers-bucket.s3.amazonaws.com/diary-file/wlgns/8/KakaoTalk_20211118_172911109_03.jpg',4) ON DUPLICATE KEY UPDATE id=6;
INSERT INTO `note_media` VALUES (7,'.jpg','https://papers-bucket.s3.amazonaws.com/diary-file/wlgns/8/KakaoTalk_20211118_192444212_03.jpg',5) ON DUPLICATE KEY UPDATE id=7;
INSERT INTO `note_media` VALUES (11,'.jpg','https://papers-bucket.s3.amazonaws.com/diary-file/wlgns/8/KakaoTalk_20211118_173740721_03.jpg',9) ON DUPLICATE KEY UPDATE id=11;
INSERT INTO `note_media` VALUES (12,'.jpg','https://papers-bucket.s3.amazonaws.com/diary-file/wlgns/8/KakaoTalk_20211118_192444212_01.jpg',9) ON DUPLICATE KEY UPDATE id=12;
INSERT INTO `note_media` VALUES (13,'.jpg','https://papers-bucket.s3.amazonaws.com/diary-file/wlgns/8/KakaoTalk_20211118_192444212_04.jpg',9) ON DUPLICATE KEY UPDATE id=13;
INSERT INTO `note_media` VALUES (14,'.jpg','https://papers-bucket.s3.amazonaws.com/diary-file/wlgns/8/KakaoTalk_20211118_200712509.jpg',9) ON DUPLICATE KEY UPDATE id=14;
INSERT INTO `note_media` VALUES (15,'.jpg','https://papers-bucket.s3.amazonaws.com/diary-file/wlgns/5/KakaoTalk_20211118_173740721_01.jpg',11) ON DUPLICATE KEY UPDATE id=15;
INSERT INTO `note_media` VALUES (17,'.jpg','https://papers-bucket.s3.amazonaws.com/diary-file/wlgns/8/KakaoTalk_20211118_173740721_05.jpg',12) ON DUPLICATE KEY UPDATE id=17;
INSERT INTO `note_media` VALUES (18,'.jpg','https://papers-bucket.s3.amazonaws.com/diary-file/wlgns/8/KakaoTalk_20211118_200712509_04.jpg',13) ON DUPLICATE KEY UPDATE id=18;
INSERT INTO `note_media` VALUES (19,'.jpg','https://papers-bucket.s3.amazonaws.com/diary-file/wodud/8/KakaoTalk_20211118_192838319_02.jpg',15) ON DUPLICATE KEY UPDATE id=19;
INSERT INTO `note_media` VALUES (20,'.PNG','https://papers-bucket.s3.amazonaws.com/diary-file/ssafy_consult/6/white.PNG',17) ON DUPLICATE KEY UPDATE id=20;
INSERT INTO `note_media` VALUES (21,'.png','https://papers-bucket.s3.amazonaws.com/diary-file/ssafy_coach/7/ssafy.png',19) ON DUPLICATE KEY UPDATE id=21;
INSERT INTO `note_media` VALUES (22,'.jpg','https://papers-bucket.s3.amazonaws.com/diary-file/tksgk/9/마카롱.jpg',20) ON DUPLICATE KEY UPDATE id=22;
INSERT INTO `note_media` VALUES (23,'.jpg','https://papers-bucket.s3.amazonaws.com/diary-file/wlgns/8/KakaoTalk_20211118_192444212.jpg',21) ON DUPLICATE KEY UPDATE id=23;
INSERT INTO `note_media` VALUES (24,'.jpg','https://papers-bucket.s3.amazonaws.com/diary-file/wlgns/8/KakaoTalk_20211118_173740721_04.jpg',8) ON DUPLICATE KEY UPDATE id=24;
INSERT INTO `note_media` VALUES (25,'.jpg','https://papers-bucket.s3.amazonaws.com/diary-file/wlgns/5/KakaoTalk_20211118_173740721_06.jpg',7) ON DUPLICATE KEY UPDATE id=25;
INSERT INTO `note_media` VALUES (26,'.jpg','https://papers-bucket.s3.amazonaws.com/diary-file/wlgns/8/KakaoTalk_20211118_172911109_04.jpg',6) ON DUPLICATE KEY UPDATE id=26;

-- 유저 다이어리
INSERT INTO `user_diary` VALUES (1,'\0','ssafy_coach',8,'wlgns') ON DUPLICATE KEY UPDATE id=1;
INSERT INTO `user_diary` VALUES (2,'\0','ssafy_consult',8,'wlgns') ON DUPLICATE KEY UPDATE id=2;
INSERT INTO `user_diary` VALUES (3,'\0','qjawls',8,'wlgns') ON DUPLICATE KEY UPDATE id=3;
INSERT INTO `user_diary` VALUES (6,'\0','tksgk',8,'wlgns') ON DUPLICATE KEY UPDATE id=6;
INSERT INTO `user_diary` VALUES (7,'\0','wldks',8,'wlgns') ON DUPLICATE KEY UPDATE id=7;
INSERT INTO `user_diary` VALUES (8,'\0','wodud',8,'wlgns') ON DUPLICATE KEY UPDATE id=8;
INSERT INTO `user_diary` VALUES (9,'\0','wlgns',9,'tksgk') ON DUPLICATE KEY UPDATE id=9;

-- 유저 다이어리 커버
--insert into user_diary_cover values (1, 1, 'wldks') ON DUPLICATE KEY UPDATE id=1;
--insert into user_diary_cover values (2, 2, 'wldks') ON DUPLICATE KEY UPDATE id=2;
--insert into user_diary_cover values (3, 3, 'wldks') ON DUPLICATE KEY UPDATE id=3;
--insert into user_diary_cover values (4, 4, 'wldks') ON DUPLICATE KEY UPDATE id=4;
--insert into user_diary_cover values (5, 1, 'tksgk') ON DUPLICATE KEY UPDATE id=5;
--insert into user_diary_cover values (6, 2, 'tksgk') ON DUPLICATE KEY UPDATE id=6;
--insert into user_diary_cover values (7, 3, 'tksgk') ON DUPLICATE KEY UPDATE id=7;
--insert into user_diary_cover values (8, 4, 'tksgk') ON DUPLICATE KEY UPDATE id=8;
--insert into user_diary_cover values (9, 1, 'wodud') ON DUPLICATE KEY UPDATE id=9;
--insert into user_diary_cover values (10, 2, 'wodud') ON DUPLICATE KEY UPDATE id=10;
--insert into user_diary_cover values (11, 3, 'wodud') ON DUPLICATE KEY UPDATE id=11;
--insert into user_diary_cover values (12, 4, 'wodud') ON DUPLICATE KEY UPDATE id=12;
--insert into user_diary_cover values (13, 1, 'qjawls') ON DUPLICATE KEY UPDATE id=13;
--insert into user_diary_cover values (14, 2, 'qjawls') ON DUPLICATE KEY UPDATE id=14;
--insert into user_diary_cover values (15, 3, 'qjawls') ON DUPLICATE KEY UPDATE id=15;
--insert into user_diary_cover values (16, 4, 'qjawls') ON DUPLICATE KEY UPDATE id=16;
--insert into user_diary_cover values (17, 1, 'wlgns') ON DUPLICATE KEY UPDATE id=17;
--insert into user_diary_cover values (18, 2, 'wlgns') ON DUPLICATE KEY UPDATE id=18;
--insert into user_diary_cover values (19, 3, 'wlgns') ON DUPLICATE KEY UPDATE id=19;
--insert into user_diary_cover values (20, 4, 'wlgns') ON DUPLICATE KEY UPDATE id=20;
--insert into user_diary_cover values (21, 1, 'ssafy_consult') ON DUPLICATE KEY UPDATE id=21;
--insert into user_diary_cover values (22, 2, 'ssafy_consult') ON DUPLICATE KEY UPDATE id=22;
--insert into user_diary_cover values (23, 3, 'ssafy_consult') ON DUPLICATE KEY UPDATE id=23;
--insert into user_diary_cover values (24, 4, 'ssafy_consult') ON DUPLICATE KEY UPDATE id=24;
--insert into user_diary_cover values (25, 1, 'ssafy_coach') ON DUPLICATE KEY UPDATE id=25;
--insert into user_diary_cover values (26, 2, 'ssafy_coach') ON DUPLICATE KEY UPDATE id=26;
--insert into user_diary_cover values (27, 3, 'ssafy_coach') ON DUPLICATE KEY UPDATE id=27;
--insert into user_diary_cover values (28, 4, 'ssafy_coach') ON DUPLICATE KEY UPDATE id=28;
INSERT INTO `user_diary_cover` VALUES (1,1,'wldks') ON DUPLICATE KEY UPDATE id=1;
INSERT INTO `user_diary_cover` VALUES (2,2,'wldks') ON DUPLICATE KEY UPDATE id=2;
INSERT INTO `user_diary_cover` VALUES (3,3,'wldks') ON DUPLICATE KEY UPDATE id=3;
INSERT INTO `user_diary_cover` VALUES (4,4,'wldks') ON DUPLICATE KEY UPDATE id=4;
INSERT INTO `user_diary_cover` VALUES (5,1,'tksgk') ON DUPLICATE KEY UPDATE id=5;
INSERT INTO `user_diary_cover` VALUES (6,2,'tksgk') ON DUPLICATE KEY UPDATE id=6;
INSERT INTO `user_diary_cover` VALUES (7,3,'tksgk') ON DUPLICATE KEY UPDATE id=7;
INSERT INTO `user_diary_cover` VALUES (8,4,'tksgk') ON DUPLICATE KEY UPDATE id=8;
INSERT INTO `user_diary_cover` VALUES (9,1,'wodud') ON DUPLICATE KEY UPDATE id=9;
INSERT INTO `user_diary_cover` VALUES (10,2,'wodud') ON DUPLICATE KEY UPDATE id=10;
INSERT INTO `user_diary_cover` VALUES (11,3,'wodud') ON DUPLICATE KEY UPDATE id=11;
INSERT INTO `user_diary_cover` VALUES (12,4,'wodud') ON DUPLICATE KEY UPDATE id=12;
INSERT INTO `user_diary_cover` VALUES (13,1,'qjawls') ON DUPLICATE KEY UPDATE id=13;
INSERT INTO `user_diary_cover` VALUES (14,2,'qjawls') ON DUPLICATE KEY UPDATE id=14;
INSERT INTO `user_diary_cover` VALUES (15,3,'qjawls') ON DUPLICATE KEY UPDATE id=15;
INSERT INTO `user_diary_cover` VALUES (16,4,'qjawls') ON DUPLICATE KEY UPDATE id=16;
INSERT INTO `user_diary_cover` VALUES (17,1,'wlgns') ON DUPLICATE KEY UPDATE id=17;
INSERT INTO `user_diary_cover` VALUES (18,2,'wlgns') ON DUPLICATE KEY UPDATE id=18;
INSERT INTO `user_diary_cover` VALUES (19,3,'wlgns') ON DUPLICATE KEY UPDATE id=19;
INSERT INTO `user_diary_cover` VALUES (20,4,'wlgns') ON DUPLICATE KEY UPDATE id=20;
INSERT INTO `user_diary_cover` VALUES (21,1,'ssafy_consult') ON DUPLICATE KEY UPDATE id=21;
INSERT INTO `user_diary_cover` VALUES (22,2,'ssafy_consult') ON DUPLICATE KEY UPDATE id=22;
INSERT INTO `user_diary_cover` VALUES (23,3,'ssafy_consult') ON DUPLICATE KEY UPDATE id=23;
INSERT INTO `user_diary_cover` VALUES (24,4,'ssafy_consult') ON DUPLICATE KEY UPDATE id=24;
INSERT INTO `user_diary_cover` VALUES (25,1,'ssafy_coach') ON DUPLICATE KEY UPDATE id=25;
INSERT INTO `user_diary_cover` VALUES (26,2,'ssafy_coach') ON DUPLICATE KEY UPDATE id=26;
INSERT INTO `user_diary_cover` VALUES (27,3,'ssafy_coach') ON DUPLICATE KEY UPDATE id=27;
INSERT INTO `user_diary_cover` VALUES (28,4,'ssafy_coach') ON DUPLICATE KEY UPDATE id=28;
INSERT INTO `user_diary_cover` VALUES (29,6,'wlgns') ON DUPLICATE KEY UPDATE id=29;
INSERT INTO `user_diary_cover` VALUES (30,8,'wlgns') ON DUPLICATE KEY UPDATE id=30;
INSERT INTO `user_diary_cover` VALUES (31,14,'wlgns') ON DUPLICATE KEY UPDATE id=31;
INSERT INTO `user_diary_cover` VALUES (32,7,'tksgk') ON DUPLICATE KEY UPDATE id=32;

-- 노티피케이션 정보
insert into notification_info values (1, '일기 작성 알림') ON DUPLICATE KEY UPDATE id=1;
insert into notification_info values (2, '댓글 알림') ON DUPLICATE KEY UPDATE id=2;
insert into notification_info values (3, '초대 알림') ON DUPLICATE KEY UPDATE id=3;

-- 노티피케이션
--INSERT INTO `notification` VALUES
--(1,8,0,'착한 훈이님이 SSAFY 일기장♥ 일기장에 회원님을 초대했습니다.','2021-11-18','\0','20:16:40','https://papers-bucket.s3.ap-northeast-2.amazonaws.com/dummy-user/wlgns/%ED%9B%88.jpg',3,'ssafy_coach') ON DUPLICATE KEY UPDATE id=1,
--(2,8,0,'착한 훈이님이 SSAFY 일기장♥ 일기장에 회원님을 초대했습니다.','2021-11-18','','20:16:40','https://papers-bucket.s3.ap-northeast-2.amazonaws.com/dummy-user/wlgns/%ED%9B%88.jpg',3,'ssafy_consult') ON DUPLICATE KEY UPDATE id=2,
--(3,8,0,'착한 훈이님이 SSAFY 일기장♥ 일기장에 회원님을 초대했습니다.','2021-11-18','\0','20:16:49','https://papers-bucket.s3.ap-northeast-2.amazonaws.com/dummy-user/wlgns/%ED%9B%88.jpg',3,'qjawls') ON DUPLICATE KEY UPDATE id=3,
--(4,8,0,'착한 훈이님이 SSAFY 일기장♥ 일기장에 회원님을 초대했습니다.','2021-11-18','\0','20:16:49','https://papers-bucket.s3.ap-northeast-2.amazonaws.com/dummy-user/wlgns/%ED%9B%88.jpg',3,'wldks') ON DUPLICATE KEY UPDATE id=4,
--(5,8,0,'착한 훈이님이 SSAFY 일기장♥ 일기장에 회원님을 초대했습니다.','2021-11-18','\0','20:16:49','https://papers-bucket.s3.ap-northeast-2.amazonaws.com/dummy-user/wlgns/%ED%9B%88.jpg',3,'wodud') ON DUPLICATE KEY UPDATE id=5,
--(6,8,0,'착한 훈이님이 SSAFY 일기장♥ 일기장에 회원님을 초대했습니다.','2021-11-18','\0','20:16:55','https://papers-bucket.s3.ap-northeast-2.amazonaws.com/dummy-user/wlgns/%ED%9B%88.jpg',3,'tksgk') ON DUPLICATE KEY UPDATE id=6,
--(7,8,0,'착한 훈이님이 SSAFY 일기장♥ 일기장에 회원님을 초대했습니다.','2021-11-18','\0','20:16:55','https://papers-bucket.s3.ap-northeast-2.amazonaws.com/dummy-user/wlgns/%ED%9B%88.jpg',3,'wldks') ON DUPLICATE KEY UPDATE id=7,
--(8,8,0,'착한 훈이님이 SSAFY 일기장♥ 일기장에 회원님을 초대했습니다.','2021-11-18','\0','20:16:55','https://papers-bucket.s3.ap-northeast-2.amazonaws.com/dummy-user/wlgns/%ED%9B%88.jpg',3,'wodud') ON DUPLICATE KEY UPDATE id=8,
--(9,8,1,'착한 훈이님이 \"오늘 먹은 거 기록\"라는 제목의 일기를 작성했습니다.','2021-11-18','\0','20:21:07','https://papers-bucket.s3.ap-northeast-2.amazonaws.com/dummy-user/wlgns/%ED%9B%88.jpg',1,'ssafy_coach') ON DUPLICATE KEY UPDATE id=9,
--(10,8,1,'착한 훈이님이 \"오늘 먹은 거 기록\"라는 제목의 일기를 작성했습니다.','2021-11-18','\0','20:21:07','https://papers-bucket.s3.ap-northeast-2.amazonaws.com/dummy-user/wlgns/%ED%9B%88.jpg',1,'ssafy_consult') ON DUPLICATE KEY UPDATE id=10,
--(11,8,1,'착한 훈이님이 \"오늘 먹은 거 기록\"라는 제목의 일기를 작성했습니다.','2021-11-18','\0','20:21:07','https://papers-bucket.s3.ap-northeast-2.amazonaws.com/dummy-user/wlgns/%ED%9B%88.jpg',1,'qjawls') ON DUPLICATE KEY UPDATE id=11,
--(12,8,1,'착한 훈이님이 \"오늘 먹은 거 기록\"라는 제목의 일기를 작성했습니다.','2021-11-18','\0','20:21:07','https://papers-bucket.s3.ap-northeast-2.amazonaws.com/dummy-user/wlgns/%ED%9B%88.jpg',1,'tksgk') ON DUPLICATE KEY UPDATE id=12,
--(13,8,1,'착한 훈이님이 \"오늘 먹은 거 기록\"라는 제목의 일기를 작성했습니다.','2021-11-18','\0','20:21:07','https://papers-bucket.s3.ap-northeast-2.amazonaws.com/dummy-user/wlgns/%ED%9B%88.jpg',1,'wldks') ON DUPLICATE KEY UPDATE id=13,
--(14,8,1,'착한 훈이님이 \"오늘 먹은 거 기록\"라는 제목의 일기를 작성했습니다.','2021-11-18','\0','20:21:07','https://papers-bucket.s3.ap-northeast-2.amazonaws.com/dummy-user/wlgns/%ED%9B%88.jpg',1,'wodud') ON DUPLICATE KEY UPDATE id=14,
--(15,8,2,'착한 훈이님이 \"오늘은 센치해지는 날\"라는 제목의 일기를 작성했습니다.','2021-11-18','\0','20:22:27','https://papers-bucket.s3.ap-northeast-2.amazonaws.com/dummy-user/wlgns/%ED%9B%88.jpg',1,'ssafy_coach') ON DUPLICATE KEY UPDATE id=15,
--(16,8,2,'착한 훈이님이 \"오늘은 센치해지는 날\"라는 제목의 일기를 작성했습니다.','2021-11-18','\0','20:22:27','https://papers-bucket.s3.ap-northeast-2.amazonaws.com/dummy-user/wlgns/%ED%9B%88.jpg',1,'ssafy_consult') ON DUPLICATE KEY UPDATE id=16,
--(17,8,2,'착한 훈이님이 \"오늘은 센치해지는 날\"라는 제목의 일기를 작성했습니다.','2021-11-18','\0','20:22:27','https://papers-bucket.s3.ap-northeast-2.amazonaws.com/dummy-user/wlgns/%ED%9B%88.jpg',1,'qjawls') ON DUPLICATE KEY UPDATE id=17,
--(18,8,2,'착한 훈이님이 \"오늘은 센치해지는 날\"라는 제목의 일기를 작성했습니다.','2021-11-18','\0','20:22:27','https://papers-bucket.s3.ap-northeast-2.amazonaws.com/dummy-user/wlgns/%ED%9B%88.jpg',1,'tksgk') ON DUPLICATE KEY UPDATE id=18,
--(19,8,2,'착한 훈이님이 \"오늘은 센치해지는 날\"라는 제목의 일기를 작성했습니다.','2021-11-18','\0','20:22:27','https://papers-bucket.s3.ap-northeast-2.amazonaws.com/dummy-user/wlgns/%ED%9B%88.jpg',1,'wldks') ON DUPLICATE KEY UPDATE id=19,
--(20,8,2,'착한 훈이님이 \"오늘은 센치해지는 날\"라는 제목의 일기를 작성했습니다.','2021-11-18','\0','20:22:27','https://papers-bucket.s3.ap-northeast-2.amazonaws.com/dummy-user/wlgns/%ED%9B%88.jpg',1,'wodud') ON DUPLICATE KEY UPDATE id=20,
--(21,8,3,'착한 훈이님이 \"초코와 우유(초코우유 아님)\"라는 제목의 일기를 작성했습니다.','2021-11-18','\0','20:26:07','https://papers-bucket.s3.ap-northeast-2.amazonaws.com/dummy-user/wlgns/%ED%9B%88.jpg',1,'ssafy_coach') ON DUPLICATE KEY UPDATE id=21,
--(22,8,3,'착한 훈이님이 \"초코와 우유(초코우유 아님)\"라는 제목의 일기를 작성했습니다.','2021-11-18','\0','20:26:07','https://papers-bucket.s3.ap-northeast-2.amazonaws.com/dummy-user/wlgns/%ED%9B%88.jpg',1,'ssafy_consult') ON DUPLICATE KEY UPDATE id=22,
--(23,8,3,'착한 훈이님이 \"초코와 우유(초코우유 아님)\"라는 제목의 일기를 작성했습니다.','2021-11-18','\0','20:26:07','https://papers-bucket.s3.ap-northeast-2.amazonaws.com/dummy-user/wlgns/%ED%9B%88.jpg',1,'qjawls') ON DUPLICATE KEY UPDATE id=23,
--(24,8,3,'착한 훈이님이 \"초코와 우유(초코우유 아님)\"라는 제목의 일기를 작성했습니다.','2021-11-18','\0','20:26:07','https://papers-bucket.s3.ap-northeast-2.amazonaws.com/dummy-user/wlgns/%ED%9B%88.jpg',1,'tksgk') ON DUPLICATE KEY UPDATE id=24,
--(25,8,3,'착한 훈이님이 \"초코와 우유(초코우유 아님)\"라는 제목의 일기를 작성했습니다.','2021-11-18','\0','20:26:07','https://papers-bucket.s3.ap-northeast-2.amazonaws.com/dummy-user/wlgns/%ED%9B%88.jpg',1,'wldks') ON DUPLICATE KEY UPDATE id=25,
--(26,8,3,'착한 훈이님이 \"초코와 우유(초코우유 아님)\"라는 제목의 일기를 작성했습니다.','2021-11-18','\0','20:26:07','https://papers-bucket.s3.ap-northeast-2.amazonaws.com/dummy-user/wlgns/%ED%9B%88.jpg',1,'wodud') ON DUPLICATE KEY UPDATE id=26,
--(27,8,4,'착한 훈이님이 \"너는 왜 이렇게 새침한거니\"라는 제목의 일기를 작성했습니다.','2021-11-18','\0','20:26:55','https://papers-bucket.s3.ap-northeast-2.amazonaws.com/dummy-user/wlgns/%ED%9B%88.jpg',1,'ssafy_coach') ON DUPLICATE KEY UPDATE id=27,
--(28,8,4,'착한 훈이님이 \"너는 왜 이렇게 새침한거니\"라는 제목의 일기를 작성했습니다.','2021-11-18','\0','20:26:55','https://papers-bucket.s3.ap-northeast-2.amazonaws.com/dummy-user/wlgns/%ED%9B%88.jpg',1,'ssafy_consult') ON DUPLICATE KEY UPDATE id=28,
--(29,8,4,'착한 훈이님이 \"너는 왜 이렇게 새침한거니\"라는 제목의 일기를 작성했습니다.','2021-11-18','\0','20:26:55','https://papers-bucket.s3.ap-northeast-2.amazonaws.com/dummy-user/wlgns/%ED%9B%88.jpg',1,'qjawls') ON DUPLICATE KEY UPDATE id=29,
--(30,8,4,'착한 훈이님이 \"너는 왜 이렇게 새침한거니\"라는 제목의 일기를 작성했습니다.','2021-11-18','\0','20:26:55','https://papers-bucket.s3.ap-northeast-2.amazonaws.com/dummy-user/wlgns/%ED%9B%88.jpg',1,'tksgk') ON DUPLICATE KEY UPDATE id=30,
--(31,8,4,'착한 훈이님이 \"너는 왜 이렇게 새침한거니\"라는 제목의 일기를 작성했습니다.','2021-11-18','\0','20:26:55','https://papers-bucket.s3.ap-northeast-2.amazonaws.com/dummy-user/wlgns/%ED%9B%88.jpg',1,'wldks') ON DUPLICATE KEY UPDATE id=31,
--(32,8,4,'착한 훈이님이 \"너는 왜 이렇게 새침한거니\"라는 제목의 일기를 작성했습니다.','2021-11-18','\0','20:26:55','https://papers-bucket.s3.ap-northeast-2.amazonaws.com/dummy-user/wlgns/%ED%9B%88.jpg',1,'wodud') ON DUPLICATE KEY UPDATE id=32,
--(33,8,5,'착한 훈이님이 \"네 저 술 마셨어요\"라는 제목의 일기를 작성했습니다.','2021-11-18','\0','20:28:25','https://papers-bucket.s3.ap-northeast-2.amazonaws.com/dummy-user/wlgns/%ED%9B%88.jpg',1,'ssafy_coach') ON DUPLICATE KEY UPDATE id=33,
--(34,8,5,'착한 훈이님이 \"네 저 술 마셨어요\"라는 제목의 일기를 작성했습니다.','2021-11-18','\0','20:28:25','https://papers-bucket.s3.ap-northeast-2.amazonaws.com/dummy-user/wlgns/%ED%9B%88.jpg',1,'ssafy_consult') ON DUPLICATE KEY UPDATE id=34,
--(35,8,5,'착한 훈이님이 \"네 저 술 마셨어요\"라는 제목의 일기를 작성했습니다.','2021-11-18','\0','20:28:25','https://papers-bucket.s3.ap-northeast-2.amazonaws.com/dummy-user/wlgns/%ED%9B%88.jpg',1,'qjawls') ON DUPLICATE KEY UPDATE id=35,
--(36,8,5,'착한 훈이님이 \"네 저 술 마셨어요\"라는 제목의 일기를 작성했습니다.','2021-11-18','\0','20:28:25','https://papers-bucket.s3.ap-northeast-2.amazonaws.com/dummy-user/wlgns/%ED%9B%88.jpg',1,'tksgk') ON DUPLICATE KEY UPDATE id=36,
--(37,8,5,'착한 훈이님이 \"네 저 술 마셨어요\"라는 제목의 일기를 작성했습니다.','2021-11-18','\0','20:28:25','https://papers-bucket.s3.ap-northeast-2.amazonaws.com/dummy-user/wlgns/%ED%9B%88.jpg',1,'wldks') ON DUPLICATE KEY UPDATE id=37,
--(38,8,5,'착한 훈이님이 \"네 저 술 마셨어요\"라는 제목의 일기를 작성했습니다.','2021-11-18','\0','20:28:25','https://papers-bucket.s3.ap-northeast-2.amazonaws.com/dummy-user/wlgns/%ED%9B%88.jpg',1,'wodud') ON DUPLICATE KEY UPDATE id=38,
--(39,8,6,'착한 훈이님이 \"일본 여행 기록\"라는 제목의 일기를 작성했습니다.','2021-11-18','\0','20:30:05','https://papers-bucket.s3.ap-northeast-2.amazonaws.com/dummy-user/wlgns/%ED%9B%88.jpg',1,'ssafy_coach') ON DUPLICATE KEY UPDATE id=39,
--(40,8,6,'착한 훈이님이 \"일본 여행 기록\"라는 제목의 일기를 작성했습니다.','2021-11-18','\0','20:30:05','https://papers-bucket.s3.ap-northeast-2.amazonaws.com/dummy-user/wlgns/%ED%9B%88.jpg',1,'ssafy_consult') ON DUPLICATE KEY UPDATE id=40,
--(41,8,6,'착한 훈이님이 \"일본 여행 기록\"라는 제목의 일기를 작성했습니다.','2021-11-18','\0','20:30:05','https://papers-bucket.s3.ap-northeast-2.amazonaws.com/dummy-user/wlgns/%ED%9B%88.jpg',1,'qjawls') ON DUPLICATE KEY UPDATE id=41,
--(42,8,6,'착한 훈이님이 \"일본 여행 기록\"라는 제목의 일기를 작성했습니다.','2021-11-18','\0','20:30:05','https://papers-bucket.s3.ap-northeast-2.amazonaws.com/dummy-user/wlgns/%ED%9B%88.jpg',1,'tksgk') ON DUPLICATE KEY UPDATE id=42,
--(43,8,6,'착한 훈이님이 \"일본 여행 기록\"라는 제목의 일기를 작성했습니다.','2021-11-18','\0','20:30:05','https://papers-bucket.s3.ap-northeast-2.amazonaws.com/dummy-user/wlgns/%ED%9B%88.jpg',1,'wldks') ON DUPLICATE KEY UPDATE id=43,
--(44,8,6,'착한 훈이님이 \"일본 여행 기록\"라는 제목의 일기를 작성했습니다.','2021-11-18','\0','20:30:05','https://papers-bucket.s3.ap-northeast-2.amazonaws.com/dummy-user/wlgns/%ED%9B%88.jpg',1,'wodud') ON DUPLICATE KEY UPDATE id=44,
--(45,8,8,'착한 훈이님이 \"개사료 가격 실화?\"라는 제목의 일기를 작성했습니다.','2021-11-18','\0','20:35:59','https://papers-bucket.s3.ap-northeast-2.amazonaws.com/dummy-user/wlgns/%ED%9B%88.jpg',1,'ssafy_coach') ON DUPLICATE KEY UPDATE id=45,
--(46,8,8,'착한 훈이님이 \"개사료 가격 실화?\"라는 제목의 일기를 작성했습니다.','2021-11-18','\0','20:35:59','https://papers-bucket.s3.ap-northeast-2.amazonaws.com/dummy-user/wlgns/%ED%9B%88.jpg',1,'ssafy_consult') ON DUPLICATE KEY UPDATE id=46,
--(47,8,8,'착한 훈이님이 \"개사료 가격 실화?\"라는 제목의 일기를 작성했습니다.','2021-11-18','\0','20:35:59','https://papers-bucket.s3.ap-northeast-2.amazonaws.com/dummy-user/wlgns/%ED%9B%88.jpg',1,'qjawls') ON DUPLICATE KEY UPDATE id=47,
--(48,8,8,'착한 훈이님이 \"개사료 가격 실화?\"라는 제목의 일기를 작성했습니다.','2021-11-18','\0','20:35:59','https://papers-bucket.s3.ap-northeast-2.amazonaws.com/dummy-user/wlgns/%ED%9B%88.jpg',1,'tksgk') ON DUPLICATE KEY UPDATE id=48,
--(49,8,8,'착한 훈이님이 \"개사료 가격 실화?\"라는 제목의 일기를 작성했습니다.','2021-11-18','\0','20:35:59','https://papers-bucket.s3.ap-northeast-2.amazonaws.com/dummy-user/wlgns/%ED%9B%88.jpg',1,'wldks') ON DUPLICATE KEY UPDATE id=49,
--(50,8,8,'착한 훈이님이 \"개사료 가격 실화?\"라는 제목의 일기를 작성했습니다.','2021-11-18','\0','20:35:59','https://papers-bucket.s3.ap-northeast-2.amazonaws.com/dummy-user/wlgns/%ED%9B%88.jpg',1,'wodud') ON DUPLICATE KEY UPDATE id=50,
--(51,8,9,'착한 훈이님이 \"여행스타그램\"라는 제목의 일기를 작성했습니다.','2021-11-18','\0','20:40:52','https://papers-bucket.s3.ap-northeast-2.amazonaws.com/dummy-user/wlgns/%ED%9B%88.jpg',1,'ssafy_coach') ON DUPLICATE KEY UPDATE id=51,
--(52,8,9,'착한 훈이님이 \"여행스타그램\"라는 제목의 일기를 작성했습니다.','2021-11-18','\0','20:40:52','https://papers-bucket.s3.ap-northeast-2.amazonaws.com/dummy-user/wlgns/%ED%9B%88.jpg',1,'ssafy_consult') ON DUPLICATE KEY UPDATE id=52,
--(53,8,9,'착한 훈이님이 \"여행스타그램\"라는 제목의 일기를 작성했습니다.','2021-11-18','\0','20:40:52','https://papers-bucket.s3.ap-northeast-2.amazonaws.com/dummy-user/wlgns/%ED%9B%88.jpg',1,'qjawls') ON DUPLICATE KEY UPDATE id=53,
--(54,8,9,'착한 훈이님이 \"여행스타그램\"라는 제목의 일기를 작성했습니다.','2021-11-18','\0','20:40:52','https://papers-bucket.s3.ap-northeast-2.amazonaws.com/dummy-user/wlgns/%ED%9B%88.jpg',1,'tksgk') ON DUPLICATE KEY UPDATE id=54,
--(55,8,9,'착한 훈이님이 \"여행스타그램\"라는 제목의 일기를 작성했습니다.','2021-11-18','\0','20:40:52','https://papers-bucket.s3.ap-northeast-2.amazonaws.com/dummy-user/wlgns/%ED%9B%88.jpg',1,'wldks') ON DUPLICATE KEY UPDATE id=55,
--(56,8,9,'착한 훈이님이 \"여행스타그램\"라는 제목의 일기를 작성했습니다.','2021-11-18','\0','20:40:52','https://papers-bucket.s3.ap-northeast-2.amazonaws.com/dummy-user/wlgns/%ED%9B%88.jpg',1,'wodud') ON DUPLICATE KEY UPDATE id=56,
--(57,8,10,'착한 훈이님이 \"하이룽 일기 꽂혔다.\"라는 제목의 일기를 작성했습니다.','2021-11-18','\0','20:42:45','https://papers-bucket.s3.ap-northeast-2.amazonaws.com/dummy-user/wlgns/%ED%9B%88.jpg',1,'ssafy_coach') ON DUPLICATE KEY UPDATE id=57,
--(58,8,10,'착한 훈이님이 \"하이룽 일기 꽂혔다.\"라는 제목의 일기를 작성했습니다.','2021-11-18','\0','20:42:45','https://papers-bucket.s3.ap-northeast-2.amazonaws.com/dummy-user/wlgns/%ED%9B%88.jpg',1,'ssafy_consult') ON DUPLICATE KEY UPDATE id=58,
--(59,8,10,'착한 훈이님이 \"하이룽 일기 꽂혔다.\"라는 제목의 일기를 작성했습니다.','2021-11-18','\0','20:42:45','https://papers-bucket.s3.ap-northeast-2.amazonaws.com/dummy-user/wlgns/%ED%9B%88.jpg',1,'qjawls') ON DUPLICATE KEY UPDATE id=59,
--(60,8,10,'착한 훈이님이 \"하이룽 일기 꽂혔다.\"라는 제목의 일기를 작성했습니다.','2021-11-18','\0','20:42:45','https://papers-bucket.s3.ap-northeast-2.amazonaws.com/dummy-user/wlgns/%ED%9B%88.jpg',1,'tksgk') ON DUPLICATE KEY UPDATE id=60,
--(61,8,10,'착한 훈이님이 \"하이룽 일기 꽂혔다.\"라는 제목의 일기를 작성했습니다.','2021-11-18','\0','20:42:45','https://papers-bucket.s3.ap-northeast-2.amazonaws.com/dummy-user/wlgns/%ED%9B%88.jpg',1,'wldks') ON DUPLICATE KEY UPDATE id=61,
--(62,8,10,'착한 훈이님이 \"하이룽 일기 꽂혔다.\"라는 제목의 일기를 작성했습니다.','2021-11-18','\0','20:42:45','https://papers-bucket.s3.ap-northeast-2.amazonaws.com/dummy-user/wlgns/%ED%9B%88.jpg',1,'wodud') ON DUPLICATE KEY UPDATE id=62,
--(63,8,10,'착한 훈이님이 \"하이룽 일기 꽂혔다.\"라는 제목의 일기를 작성했습니다.','2021-11-18','\0','20:42:53','https://papers-bucket.s3.ap-northeast-2.amazonaws.com/dummy-user/wlgns/%ED%9B%88.jpg',1,'ssafy_coach') ON DUPLICATE KEY UPDATE id=63,
--(64,8,10,'착한 훈이님이 \"하이룽 일기 꽂혔다.\"라는 제목의 일기를 작성했습니다.','2021-11-18','\0','20:42:53','https://papers-bucket.s3.ap-northeast-2.amazonaws.com/dummy-user/wlgns/%ED%9B%88.jpg',1,'ssafy_consult') ON DUPLICATE KEY UPDATE id=64,
--(65,8,10,'착한 훈이님이 \"하이룽 일기 꽂혔다.\"라는 제목의 일기를 작성했습니다.','2021-11-18','\0','20:42:53','https://papers-bucket.s3.ap-northeast-2.amazonaws.com/dummy-user/wlgns/%ED%9B%88.jpg',1,'qjawls') ON DUPLICATE KEY UPDATE id=65,
--(66,8,10,'착한 훈이님이 \"하이룽 일기 꽂혔다.\"라는 제목의 일기를 작성했습니다.','2021-11-18','\0','20:42:53','https://papers-bucket.s3.ap-northeast-2.amazonaws.com/dummy-user/wlgns/%ED%9B%88.jpg',1,'tksgk') ON DUPLICATE KEY UPDATE id=66,
--(67,8,10,'착한 훈이님이 \"하이룽 일기 꽂혔다.\"라는 제목의 일기를 작성했습니다.','2021-11-18','\0','20:42:53','https://papers-bucket.s3.ap-northeast-2.amazonaws.com/dummy-user/wlgns/%ED%9B%88.jpg',1,'wldks') ON DUPLICATE KEY UPDATE id=67,
--(68,8,10,'착한 훈이님이 \"하이룽 일기 꽂혔다.\"라는 제목의 일기를 작성했습니다.','2021-11-18','\0','20:42:53','https://papers-bucket.s3.ap-northeast-2.amazonaws.com/dummy-user/wlgns/%ED%9B%88.jpg',1,'wodud') ON DUPLICATE KEY UPDATE id=68,
--(69,8,12,'착한 훈이님이 \"첫 눈.\"라는 제목의 일기를 작성했습니다.','2021-11-18','\0','20:53:20','https://papers-bucket.s3.ap-northeast-2.amazonaws.com/dummy-user/wlgns/%ED%9B%88.jpg',1,'ssafy_coach') ON DUPLICATE KEY UPDATE id=69,
--(70,8,12,'착한 훈이님이 \"첫 눈.\"라는 제목의 일기를 작성했습니다.','2021-11-18','\0','20:53:20','https://papers-bucket.s3.ap-northeast-2.amazonaws.com/dummy-user/wlgns/%ED%9B%88.jpg',1,'ssafy_consult') ON DUPLICATE KEY UPDATE id=70,
--(71,8,12,'착한 훈이님이 \"첫 눈.\"라는 제목의 일기를 작성했습니다.','2021-11-18','\0','20:53:20','https://papers-bucket.s3.ap-northeast-2.amazonaws.com/dummy-user/wlgns/%ED%9B%88.jpg',1,'qjawls') ON DUPLICATE KEY UPDATE id=71,
--(72,8,12,'착한 훈이님이 \"첫 눈.\"라는 제목의 일기를 작성했습니다.','2021-11-18','\0','20:53:20','https://papers-bucket.s3.ap-northeast-2.amazonaws.com/dummy-user/wlgns/%ED%9B%88.jpg',1,'tksgk') ON DUPLICATE KEY UPDATE id=72,
--(73,8,12,'착한 훈이님이 \"첫 눈.\"라는 제목의 일기를 작성했습니다.','2021-11-18','\0','20:53:20','https://papers-bucket.s3.ap-northeast-2.amazonaws.com/dummy-user/wlgns/%ED%9B%88.jpg',1,'wldks') ON DUPLICATE KEY UPDATE id=73,
--(74,8,12,'착한 훈이님이 \"첫 눈.\"라는 제목의 일기를 작성했습니다.','2021-11-18','\0','20:53:20','https://papers-bucket.s3.ap-northeast-2.amazonaws.com/dummy-user/wlgns/%ED%9B%88.jpg',1,'wodud') ON DUPLICATE KEY UPDATE id=74,
--(75,8,12,'착한 훈이님이 \"첫 눈.\"라는 제목의 일기를 작성했습니다.','2021-11-18','\0','20:53:29','https://papers-bucket.s3.ap-northeast-2.amazonaws.com/dummy-user/wlgns/%ED%9B%88.jpg',1,'ssafy_coach') ON DUPLICATE KEY UPDATE id=75,
--(76,8,12,'착한 훈이님이 \"첫 눈.\"라는 제목의 일기를 작성했습니다.','2021-11-18','\0','20:53:29','https://papers-bucket.s3.ap-northeast-2.amazonaws.com/dummy-user/wlgns/%ED%9B%88.jpg',1,'ssafy_consult') ON DUPLICATE KEY UPDATE id=76,
--(77,8,12,'착한 훈이님이 \"첫 눈.\"라는 제목의 일기를 작성했습니다.','2021-11-18','\0','20:53:29','https://papers-bucket.s3.ap-northeast-2.amazonaws.com/dummy-user/wlgns/%ED%9B%88.jpg',1,'qjawls') ON DUPLICATE KEY UPDATE id=77,
--(78,8,12,'착한 훈이님이 \"첫 눈.\"라는 제목의 일기를 작성했습니다.','2021-11-18','\0','20:53:29','https://papers-bucket.s3.ap-northeast-2.amazonaws.com/dummy-user/wlgns/%ED%9B%88.jpg',1,'tksgk') ON DUPLICATE KEY UPDATE id=78,
--(79,8,12,'착한 훈이님이 \"첫 눈.\"라는 제목의 일기를 작성했습니다.','2021-11-18','\0','20:53:29','https://papers-bucket.s3.ap-northeast-2.amazonaws.com/dummy-user/wlgns/%ED%9B%88.jpg',1,'wldks') ON DUPLICATE KEY UPDATE id=79,
--(80,8,12,'착한 훈이님이 \"첫 눈.\"라는 제목의 일기를 작성했습니다.','2021-11-18','\0','20:53:29','https://papers-bucket.s3.ap-northeast-2.amazonaws.com/dummy-user/wlgns/%ED%9B%88.jpg',1,'wodud') ON DUPLICATE KEY UPDATE id=80,
--(81,8,3,'착한 훈이님이 \"초코와 우유(초코우유 아님)\" 에 감정을 표현했습니다.','2021-11-18','\0','20:53:55','https://papers-bucket.s3.ap-northeast-2.amazonaws.com/dummy-user/wlgns/%ED%9B%88.jpg',2,'ssafy_coach') ON DUPLICATE KEY UPDATE id=81,
--(82,8,3,'착한 훈이님이 \"초코와 우유(초코우유 아님)\" 에 감정을 표현했습니다.','2021-11-18','\0','20:53:55','https://papers-bucket.s3.ap-northeast-2.amazonaws.com/dummy-user/wlgns/%ED%9B%88.jpg',2,'ssafy_consult') ON DUPLICATE KEY UPDATE id=82,
--(83,8,3,'착한 훈이님이 \"초코와 우유(초코우유 아님)\" 에 감정을 표현했습니다.','2021-11-18','\0','20:53:55','https://papers-bucket.s3.ap-northeast-2.amazonaws.com/dummy-user/wlgns/%ED%9B%88.jpg',2,'qjawls') ON DUPLICATE KEY UPDATE id=83,
--(84,8,3,'착한 훈이님이 \"초코와 우유(초코우유 아님)\" 에 감정을 표현했습니다.','2021-11-18','\0','20:53:55','https://papers-bucket.s3.ap-northeast-2.amazonaws.com/dummy-user/wlgns/%ED%9B%88.jpg',2,'tksgk') ON DUPLICATE KEY UPDATE id=84,
--(85,8,3,'착한 훈이님이 \"초코와 우유(초코우유 아님)\" 에 감정을 표현했습니다.','2021-11-18','\0','20:53:55','https://papers-bucket.s3.ap-northeast-2.amazonaws.com/dummy-user/wlgns/%ED%9B%88.jpg',2,'wldks') ON DUPLICATE KEY UPDATE id=85,
--(86,8,3,'착한 훈이님이 \"초코와 우유(초코우유 아님)\" 에 감정을 표현했습니다.','2021-11-18','\0','20:53:55','https://papers-bucket.s3.ap-northeast-2.amazonaws.com/dummy-user/wlgns/%ED%9B%88.jpg',2,'wodud') ON DUPLICATE KEY UPDATE id=86,
--(87,8,4,'착한 훈이님이 \"너는 왜 이렇게 새침한거니\" 에 감정을 표현했습니다.','2021-11-18','\0','20:53:56','https://papers-bucket.s3.ap-northeast-2.amazonaws.com/dummy-user/wlgns/%ED%9B%88.jpg',2,'ssafy_coach') ON DUPLICATE KEY UPDATE id=87,
--(88,8,4,'착한 훈이님이 \"너는 왜 이렇게 새침한거니\" 에 감정을 표현했습니다.','2021-11-18','\0','20:53:56','https://papers-bucket.s3.ap-northeast-2.amazonaws.com/dummy-user/wlgns/%ED%9B%88.jpg',2,'ssafy_consult') ON DUPLICATE KEY UPDATE id=88,
--(89,8,4,'착한 훈이님이 \"너는 왜 이렇게 새침한거니\" 에 감정을 표현했습니다.','2021-11-18','\0','20:53:56','https://papers-bucket.s3.ap-northeast-2.amazonaws.com/dummy-user/wlgns/%ED%9B%88.jpg',2,'qjawls') ON DUPLICATE KEY UPDATE id=89,
--(90,8,4,'착한 훈이님이 \"너는 왜 이렇게 새침한거니\" 에 감정을 표현했습니다.','2021-11-18','\0','20:53:56','https://papers-bucket.s3.ap-northeast-2.amazonaws.com/dummy-user/wlgns/%ED%9B%88.jpg',2,'tksgk') ON DUPLICATE KEY UPDATE id=90,
--(91,8,4,'착한 훈이님이 \"너는 왜 이렇게 새침한거니\" 에 감정을 표현했습니다.','2021-11-18','\0','20:53:56','https://papers-bucket.s3.ap-northeast-2.amazonaws.com/dummy-user/wlgns/%ED%9B%88.jpg',2,'wldks') ON DUPLICATE KEY UPDATE id=91,
--(92,8,4,'착한 훈이님이 \"너는 왜 이렇게 새침한거니\" 에 감정을 표현했습니다.','2021-11-18','\0','20:53:56','https://papers-bucket.s3.ap-northeast-2.amazonaws.com/dummy-user/wlgns/%ED%9B%88.jpg',2,'wodud') ON DUPLICATE KEY UPDATE id=92,
--(93,8,5,'착한 훈이님이 \"네 저 술 마셨어요\" 에 감정을 표현했습니다.','2021-11-18','\0','20:53:58','https://papers-bucket.s3.ap-northeast-2.amazonaws.com/dummy-user/wlgns/%ED%9B%88.jpg',2,'ssafy_coach') ON DUPLICATE KEY UPDATE id=93,
--(94,8,5,'착한 훈이님이 \"네 저 술 마셨어요\" 에 감정을 표현했습니다.','2021-11-18','\0','20:53:58','https://papers-bucket.s3.ap-northeast-2.amazonaws.com/dummy-user/wlgns/%ED%9B%88.jpg',2,'ssafy_consult') ON DUPLICATE KEY UPDATE id=94,
--(95,8,5,'착한 훈이님이 \"네 저 술 마셨어요\" 에 감정을 표현했습니다.','2021-11-18','\0','20:53:58','https://papers-bucket.s3.ap-northeast-2.amazonaws.com/dummy-user/wlgns/%ED%9B%88.jpg',2,'qjawls') ON DUPLICATE KEY UPDATE id=95,
--(96,8,5,'착한 훈이님이 \"네 저 술 마셨어요\" 에 감정을 표현했습니다.','2021-11-18','\0','20:53:58','https://papers-bucket.s3.ap-northeast-2.amazonaws.com/dummy-user/wlgns/%ED%9B%88.jpg',2,'tksgk') ON DUPLICATE KEY UPDATE id=96,
--(97,8,5,'착한 훈이님이 \"네 저 술 마셨어요\" 에 감정을 표현했습니다.','2021-11-18','\0','20:53:58','https://papers-bucket.s3.ap-northeast-2.amazonaws.com/dummy-user/wlgns/%ED%9B%88.jpg',2,'wldks') ON DUPLICATE KEY UPDATE id=97,
--(98,8,5,'착한 훈이님이 \"네 저 술 마셨어요\" 에 감정을 표현했습니다.','2021-11-18','\0','20:53:58','https://papers-bucket.s3.ap-northeast-2.amazonaws.com/dummy-user/wlgns/%ED%9B%88.jpg',2,'wodud') ON DUPLICATE KEY UPDATE id=98,
--(99,8,6,'착한 훈이님이 \"일본 여행 기록\" 에 감정을 표현했습니다.','2021-11-18','\0','20:53:59','https://papers-bucket.s3.ap-northeast-2.amazonaws.com/dummy-user/wlgns/%ED%9B%88.jpg',2,'ssafy_coach') ON DUPLICATE KEY UPDATE id=99,
--(100,8,6,'착한 훈이님이 \"일본 여행 기록\" 에 감정을 표현했습니다.','2021-11-18','\0','20:53:59','https://papers-bucket.s3.ap-northeast-2.amazonaws.com/dummy-user/wlgns/%ED%9B%88.jpg',2,'ssafy_consult') ON DUPLICATE KEY UPDATE id=100,
--(101,8,6,'착한 훈이님이 \"일본 여행 기록\" 에 감정을 표현했습니다.','2021-11-18','\0','20:53:59','https://papers-bucket.s3.ap-northeast-2.amazonaws.com/dummy-user/wlgns/%ED%9B%88.jpg',2,'qjawls') ON DUPLICATE KEY UPDATE id=101,
--(102,8,6,'착한 훈이님이 \"일본 여행 기록\" 에 감정을 표현했습니다.','2021-11-18','\0','20:53:59','https://papers-bucket.s3.ap-northeast-2.amazonaws.com/dummy-user/wlgns/%ED%9B%88.jpg',2,'tksgk') ON DUPLICATE KEY UPDATE id=102,
--(103,8,6,'착한 훈이님이 \"일본 여행 기록\" 에 감정을 표현했습니다.','2021-11-18','\0','20:53:59','https://papers-bucket.s3.ap-northeast-2.amazonaws.com/dummy-user/wlgns/%ED%9B%88.jpg',2,'wldks') ON DUPLICATE KEY UPDATE id=103,
--(104,8,6,'착한 훈이님이 \"일본 여행 기록\" 에 감정을 표현했습니다.','2021-11-18','\0','20:53:59','https://papers-bucket.s3.ap-northeast-2.amazonaws.com/dummy-user/wlgns/%ED%9B%88.jpg',2,'wodud') ON DUPLICATE KEY UPDATE id=104,
--(105,8,12,'착한 훈이님이 \"첫 눈.\" 에 감정을 표현했습니다.','2021-11-18','\0','20:54:01','https://papers-bucket.s3.ap-northeast-2.amazonaws.com/dummy-user/wlgns/%ED%9B%88.jpg',2,'ssafy_coach') ON DUPLICATE KEY UPDATE id=105,
--(106,8,12,'착한 훈이님이 \"첫 눈.\" 에 감정을 표현했습니다.','2021-11-18','\0','20:54:01','https://papers-bucket.s3.ap-northeast-2.amazonaws.com/dummy-user/wlgns/%ED%9B%88.jpg',2,'ssafy_consult') ON DUPLICATE KEY UPDATE id=106,
--(107,8,12,'착한 훈이님이 \"첫 눈.\" 에 감정을 표현했습니다.','2021-11-18','\0','20:54:01','https://papers-bucket.s3.ap-northeast-2.amazonaws.com/dummy-user/wlgns/%ED%9B%88.jpg',2,'qjawls') ON DUPLICATE KEY UPDATE id=107,
--(108,8,12,'착한 훈이님이 \"첫 눈.\" 에 감정을 표현했습니다.','2021-11-18','\0','20:54:01','https://papers-bucket.s3.ap-northeast-2.amazonaws.com/dummy-user/wlgns/%ED%9B%88.jpg',2,'tksgk') ON DUPLICATE KEY UPDATE id=108,
--(109,8,12,'착한 훈이님이 \"첫 눈.\" 에 감정을 표현했습니다.','2021-11-18','\0','20:54:01','https://papers-bucket.s3.ap-northeast-2.amazonaws.com/dummy-user/wlgns/%ED%9B%88.jpg',2,'wldks') ON DUPLICATE KEY UPDATE id=109,
--(110,8,12,'착한 훈이님이 \"첫 눈.\" 에 감정을 표현했습니다.','2021-11-18','\0','20:54:01','https://papers-bucket.s3.ap-northeast-2.amazonaws.com/dummy-user/wlgns/%ED%9B%88.jpg',2,'wodud') ON DUPLICATE KEY UPDATE id=110,
--(111,8,13,'착한 훈이님이 \"페퍼 마켓 ㄱ?\"라는 제목의 일기를 작성했습니다.','2021-11-18','\0','20:56:01','https://papers-bucket.s3.ap-northeast-2.amazonaws.com/dummy-user/wlgns/%ED%9B%88.jpg',1,'ssafy_coach') ON DUPLICATE KEY UPDATE id=111,
--(112,8,13,'착한 훈이님이 \"페퍼 마켓 ㄱ?\"라는 제목의 일기를 작성했습니다.','2021-11-18','\0','20:56:01','https://papers-bucket.s3.ap-northeast-2.amazonaws.com/dummy-user/wlgns/%ED%9B%88.jpg',1,'ssafy_consult') ON DUPLICATE KEY UPDATE id=112,
--(113,8,13,'착한 훈이님이 \"페퍼 마켓 ㄱ?\"라는 제목의 일기를 작성했습니다.','2021-11-18','\0','20:56:01','https://papers-bucket.s3.ap-northeast-2.amazonaws.com/dummy-user/wlgns/%ED%9B%88.jpg',1,'qjawls') ON DUPLICATE KEY UPDATE id=113,
--(114,8,13,'착한 훈이님이 \"페퍼 마켓 ㄱ?\"라는 제목의 일기를 작성했습니다.','2021-11-18','\0','20:56:01','https://papers-bucket.s3.ap-northeast-2.amazonaws.com/dummy-user/wlgns/%ED%9B%88.jpg',1,'tksgk') ON DUPLICATE KEY UPDATE id=114,
--(115,8,13,'착한 훈이님이 \"페퍼 마켓 ㄱ?\"라는 제목의 일기를 작성했습니다.','2021-11-18','\0','20:56:01','https://papers-bucket.s3.ap-northeast-2.amazonaws.com/dummy-user/wlgns/%ED%9B%88.jpg',1,'wldks') ON DUPLICATE KEY UPDATE id=115,
--(116,8,13,'착한 훈이님이 \"페퍼 마켓 ㄱ?\"라는 제목의 일기를 작성했습니다.','2021-11-18','\0','20:56:01','https://papers-bucket.s3.ap-northeast-2.amazonaws.com/dummy-user/wlgns/%ED%9B%88.jpg',1,'wodud') ON DUPLICATE KEY UPDATE id=116,
--(117,8,14,'마카롱님이 \"후니 일기 많이 쓰네\"라는 제목의 일기를 작성했습니다.','2021-11-18','\0','20:57:36','https://papers-bucket.s3.ap-northeast-2.amazonaws.com/dummy-user/qjawls/%EB%A7%88%EC%B9%B4%EB%A1%B1.jpg',1,'wlgns') ON DUPLICATE KEY UPDATE id=117,
--(118,8,14,'마카롱님이 \"후니 일기 많이 쓰네\"라는 제목의 일기를 작성했습니다.','2021-11-18','\0','20:57:36','https://papers-bucket.s3.ap-northeast-2.amazonaws.com/dummy-user/qjawls/%EB%A7%88%EC%B9%B4%EB%A1%B1.jpg',1,'ssafy_coach') ON DUPLICATE KEY UPDATE id=118,
--(119,8,14,'마카롱님이 \"후니 일기 많이 쓰네\"라는 제목의 일기를 작성했습니다.','2021-11-18','\0','20:57:36','https://papers-bucket.s3.ap-northeast-2.amazonaws.com/dummy-user/qjawls/%EB%A7%88%EC%B9%B4%EB%A1%B1.jpg',1,'ssafy_consult') ON DUPLICATE KEY UPDATE id=119,
--(120,8,14,'마카롱님이 \"후니 일기 많이 쓰네\"라는 제목의 일기를 작성했습니다.','2021-11-18','\0','20:57:36','https://papers-bucket.s3.ap-northeast-2.amazonaws.com/dummy-user/qjawls/%EB%A7%88%EC%B9%B4%EB%A1%B1.jpg',1,'tksgk') ON DUPLICATE KEY UPDATE id=120,
--(121,8,14,'마카롱님이 \"후니 일기 많이 쓰네\"라는 제목의 일기를 작성했습니다.','2021-11-18','\0','20:57:36','https://papers-bucket.s3.ap-northeast-2.amazonaws.com/dummy-user/qjawls/%EB%A7%88%EC%B9%B4%EB%A1%B1.jpg',1,'wldks') ON DUPLICATE KEY UPDATE id=121,
--(122,8,14,'마카롱님이 \"후니 일기 많이 쓰네\"라는 제목의 일기를 작성했습니다.','2021-11-18','\0','20:57:36','https://papers-bucket.s3.ap-northeast-2.amazonaws.com/dummy-user/qjawls/%EB%A7%88%EC%B9%B4%EB%A1%B1.jpg',1,'wodud') ON DUPLICATE KEY UPDATE id=122,
--(123,8,14,'마카롱님이 \"후니 일기 많이 쓰네\" 에 감정을 표현했습니다.','2021-11-18','\0','20:57:50','https://papers-bucket.s3.ap-northeast-2.amazonaws.com/dummy-user/qjawls/%EB%A7%88%EC%B9%B4%EB%A1%B1.jpg',2,'wlgns') ON DUPLICATE KEY UPDATE id=123,
--(124,8,14,'마카롱님이 \"후니 일기 많이 쓰네\" 에 감정을 표현했습니다.','2021-11-18','\0','20:57:50','https://papers-bucket.s3.ap-northeast-2.amazonaws.com/dummy-user/qjawls/%EB%A7%88%EC%B9%B4%EB%A1%B1.jpg',2,'ssafy_coach') ON DUPLICATE KEY UPDATE id=124,
--(125,8,14,'마카롱님이 \"후니 일기 많이 쓰네\" 에 감정을 표현했습니다.','2021-11-18','\0','20:57:50','https://papers-bucket.s3.ap-northeast-2.amazonaws.com/dummy-user/qjawls/%EB%A7%88%EC%B9%B4%EB%A1%B1.jpg',2,'ssafy_consult') ON DUPLICATE KEY UPDATE id=125,
--(126,8,14,'마카롱님이 \"후니 일기 많이 쓰네\" 에 감정을 표현했습니다.','2021-11-18','\0','20:57:50','https://papers-bucket.s3.ap-northeast-2.amazonaws.com/dummy-user/qjawls/%EB%A7%88%EC%B9%B4%EB%A1%B1.jpg',2,'tksgk') ON DUPLICATE KEY UPDATE id=126,
--(127,8,14,'마카롱님이 \"후니 일기 많이 쓰네\" 에 감정을 표현했습니다.','2021-11-18','\0','20:57:50','https://papers-bucket.s3.ap-northeast-2.amazonaws.com/dummy-user/qjawls/%EB%A7%88%EC%B9%B4%EB%A1%B1.jpg',2,'wldks') ON DUPLICATE KEY UPDATE id=127,
--(128,8,14,'마카롱님이 \"후니 일기 많이 쓰네\" 에 감정을 표현했습니다.','2021-11-18','\0','20:57:50','https://papers-bucket.s3.ap-northeast-2.amazonaws.com/dummy-user/qjawls/%EB%A7%88%EC%B9%B4%EB%A1%B1.jpg',2,'wodud') ON DUPLICATE KEY UPDATE id=128,
--(129,8,14,'마카롱님이 \"후니 일기 많이 쓰네\" 에 감정을 표현했습니다.','2021-11-18','\0','20:57:54','https://papers-bucket.s3.ap-northeast-2.amazonaws.com/dummy-user/qjawls/%EB%A7%88%EC%B9%B4%EB%A1%B1.jpg',2,'wlgns') ON DUPLICATE KEY UPDATE id=129,
--(130,8,14,'마카롱님이 \"후니 일기 많이 쓰네\" 에 감정을 표현했습니다.','2021-11-18','\0','20:57:54','https://papers-bucket.s3.ap-northeast-2.amazonaws.com/dummy-user/qjawls/%EB%A7%88%EC%B9%B4%EB%A1%B1.jpg',2,'ssafy_coach') ON DUPLICATE KEY UPDATE id=130,
--(131,8,14,'마카롱님이 \"후니 일기 많이 쓰네\" 에 감정을 표현했습니다.','2021-11-18','\0','20:57:54','https://papers-bucket.s3.ap-northeast-2.amazonaws.com/dummy-user/qjawls/%EB%A7%88%EC%B9%B4%EB%A1%B1.jpg',2,'ssafy_consult') ON DUPLICATE KEY UPDATE id=131,
--(132,8,14,'마카롱님이 \"후니 일기 많이 쓰네\" 에 감정을 표현했습니다.','2021-11-18','\0','20:57:54','https://papers-bucket.s3.ap-northeast-2.amazonaws.com/dummy-user/qjawls/%EB%A7%88%EC%B9%B4%EB%A1%B1.jpg',2,'tksgk') ON DUPLICATE KEY UPDATE id=132,
--(133,8,14,'마카롱님이 \"후니 일기 많이 쓰네\" 에 감정을 표현했습니다.','2021-11-18','\0','20:57:54','https://papers-bucket.s3.ap-northeast-2.amazonaws.com/dummy-user/qjawls/%EB%A7%88%EC%B9%B4%EB%A1%B1.jpg',2,'wldks') ON DUPLICATE KEY UPDATE id=133,
--(134,8,14,'마카롱님이 \"후니 일기 많이 쓰네\" 에 감정을 표현했습니다.','2021-11-18','','20:57:54','https://papers-bucket.s3.ap-northeast-2.amazonaws.com/dummy-user/qjawls/%EB%A7%88%EC%B9%B4%EB%A1%B1.jpg',2,'wodud') ON DUPLICATE KEY UPDATE id=134,
--(135,8,14,'카누님이 \"후니 일기 많이 쓰네\" 에 감정을 표현했습니다.','2021-11-18','\0','20:58:07','https://papers-bucket.s3.ap-northeast-2.amazonaws.com/dummy-user/wodud/%EC%B9%B4%EB%88%84.jpg',2,'wlgns') ON DUPLICATE KEY UPDATE id=135,
--(136,8,14,'카누님이 \"후니 일기 많이 쓰네\" 에 감정을 표현했습니다.','2021-11-18','\0','20:58:07','https://papers-bucket.s3.ap-northeast-2.amazonaws.com/dummy-user/wodud/%EC%B9%B4%EB%88%84.jpg',2,'ssafy_coach') ON DUPLICATE KEY UPDATE id=136,
--(137,8,14,'카누님이 \"후니 일기 많이 쓰네\" 에 감정을 표현했습니다.','2021-11-18','\0','20:58:07','https://papers-bucket.s3.ap-northeast-2.amazonaws.com/dummy-user/wodud/%EC%B9%B4%EB%88%84.jpg',2,'ssafy_consult') ON DUPLICATE KEY UPDATE id=137,
--(138,8,14,'카누님이 \"후니 일기 많이 쓰네\" 에 감정을 표현했습니다.','2021-11-18','\0','20:58:07','https://papers-bucket.s3.ap-northeast-2.amazonaws.com/dummy-user/wodud/%EC%B9%B4%EB%88%84.jpg',2,'qjawls') ON DUPLICATE KEY UPDATE id=138,
--(139,8,14,'카누님이 \"후니 일기 많이 쓰네\" 에 감정을 표현했습니다.','2021-11-18','\0','20:58:07','https://papers-bucket.s3.ap-northeast-2.amazonaws.com/dummy-user/wodud/%EC%B9%B4%EB%88%84.jpg',2,'tksgk') ON DUPLICATE KEY UPDATE id=139,
--(140,8,14,'카누님이 \"후니 일기 많이 쓰네\" 에 감정을 표현했습니다.','2021-11-18','\0','20:58:07','https://papers-bucket.s3.ap-northeast-2.amazonaws.com/dummy-user/wodud/%EC%B9%B4%EB%88%84.jpg',2,'wldks') ON DUPLICATE KEY UPDATE id=140,
--(141,8,15,'카누님이 \"오늘 내 생일이야 애들아\"라는 제목의 일기를 작성했습니다.','2021-11-18','\0','20:59:15','https://papers-bucket.s3.ap-northeast-2.amazonaws.com/dummy-user/wodud/%EC%B9%B4%EB%88%84.jpg',1,'wlgns') ON DUPLICATE KEY UPDATE id=141,
--(142,8,15,'카누님이 \"오늘 내 생일이야 애들아\"라는 제목의 일기를 작성했습니다.','2021-11-18','\0','20:59:15','https://papers-bucket.s3.ap-northeast-2.amazonaws.com/dummy-user/wodud/%EC%B9%B4%EB%88%84.jpg',1,'ssafy_coach') ON DUPLICATE KEY UPDATE id=142,
--(143,8,15,'카누님이 \"오늘 내 생일이야 애들아\"라는 제목의 일기를 작성했습니다.','2021-11-18','\0','20:59:15','https://papers-bucket.s3.ap-northeast-2.amazonaws.com/dummy-user/wodud/%EC%B9%B4%EB%88%84.jpg',1,'ssafy_consult') ON DUPLICATE KEY UPDATE id=143,
--(144,8,15,'카누님이 \"오늘 내 생일이야 애들아\"라는 제목의 일기를 작성했습니다.','2021-11-18','\0','20:59:15','https://papers-bucket.s3.ap-northeast-2.amazonaws.com/dummy-user/wodud/%EC%B9%B4%EB%88%84.jpg',1,'qjawls') ON DUPLICATE KEY UPDATE id=144,
--(145,8,15,'카누님이 \"오늘 내 생일이야 애들아\"라는 제목의 일기를 작성했습니다.','2021-11-18','\0','20:59:15','https://papers-bucket.s3.ap-northeast-2.amazonaws.com/dummy-user/wodud/%EC%B9%B4%EB%88%84.jpg',1,'tksgk') ON DUPLICATE KEY UPDATE id=145,
--(146,8,15,'카누님이 \"오늘 내 생일이야 애들아\"라는 제목의 일기를 작성했습니다.','2021-11-18','\0','20:59:15','https://papers-bucket.s3.ap-northeast-2.amazonaws.com/dummy-user/wodud/%EC%B9%B4%EB%88%84.jpg',1,'wldks') ON DUPLICATE KEY UPDATE id=146,
--(147,8,15,'카누님이 \"오늘 내 생일이야 애들아\" 에 감정을 표현했습니다.','2021-11-18','\0','20:59:30','https://papers-bucket.s3.ap-northeast-2.amazonaws.com/dummy-user/wodud/%EC%B9%B4%EB%88%84.jpg',2,'wlgns') ON DUPLICATE KEY UPDATE id=147,
--(148,8,15,'카누님이 \"오늘 내 생일이야 애들아\" 에 감정을 표현했습니다.','2021-11-18','\0','20:59:30','https://papers-bucket.s3.ap-northeast-2.amazonaws.com/dummy-user/wodud/%EC%B9%B4%EB%88%84.jpg',2,'ssafy_coach') ON DUPLICATE KEY UPDATE id=148,
--(149,8,15,'카누님이 \"오늘 내 생일이야 애들아\" 에 감정을 표현했습니다.','2021-11-18','\0','20:59:30','https://papers-bucket.s3.ap-northeast-2.amazonaws.com/dummy-user/wodud/%EC%B9%B4%EB%88%84.jpg',2,'ssafy_consult') ON DUPLICATE KEY UPDATE id=149,
--(150,8,15,'카누님이 \"오늘 내 생일이야 애들아\" 에 감정을 표현했습니다.','2021-11-18','\0','20:59:30','https://papers-bucket.s3.ap-northeast-2.amazonaws.com/dummy-user/wodud/%EC%B9%B4%EB%88%84.jpg',2,'qjawls') ON DUPLICATE KEY UPDATE id=150,
--(151,8,15,'카누님이 \"오늘 내 생일이야 애들아\" 에 감정을 표현했습니다.','2021-11-18','\0','20:59:30','https://papers-bucket.s3.ap-northeast-2.amazonaws.com/dummy-user/wodud/%EC%B9%B4%EB%88%84.jpg',2,'tksgk') ON DUPLICATE KEY UPDATE id=151,
--(152,8,15,'카누님이 \"오늘 내 생일이야 애들아\" 에 감정을 표현했습니다.','2021-11-18','\0','20:59:30','https://papers-bucket.s3.ap-northeast-2.amazonaws.com/dummy-user/wodud/%EC%B9%B4%EB%88%84.jpg',2,'wldks') ON DUPLICATE KEY UPDATE id=152,
--(153,9,0,'로봇님이 단짝 일기★ 일기장에 회원님을 초대했습니다.','2021-11-18','\0','21:09:32','https://papers-bucket.s3.ap-northeast-2.amazonaws.com/dummy-user/tksgk/%EB%A1%9C%EB%B4%87.jpg',3,'wlgns') ON DUPLICATE KEY UPDATE id=153,
--(154,9,20,'로봇님이 \"앞으로도 잘 지내자\"라는 제목의 일기를 작성했습니다.','2021-11-18','\0','21:11:57','https://papers-bucket.s3.ap-northeast-2.amazonaws.com/dummy-user/tksgk/%EB%A1%9C%EB%B4%87.jpg',1,'wlgns') ON DUPLICATE KEY UPDATE id=154,
--(155,8,21,'착한 훈이님이 \"갬성 카페\"라는 제목의 일기를 작성했습니다.','2021-11-18','\0','21:14:28','https://papers-bucket.s3.ap-northeast-2.amazonaws.com/dummy-user/wlgns/%ED%9B%88.jpg',1,'ssafy_coach') ON DUPLICATE KEY UPDATE id=155,
--(156,8,21,'착한 훈이님이 \"갬성 카페\"라는 제목의 일기를 작성했습니다.','2021-11-18','\0','21:14:28','https://papers-bucket.s3.ap-northeast-2.amazonaws.com/dummy-user/wlgns/%ED%9B%88.jpg',1,'ssafy_consult') ON DUPLICATE KEY UPDATE id=156,
--(157,8,21,'착한 훈이님이 \"갬성 카페\"라는 제목의 일기를 작성했습니다.','2021-11-18','\0','21:14:28','https://papers-bucket.s3.ap-northeast-2.amazonaws.com/dummy-user/wlgns/%ED%9B%88.jpg',1,'qjawls') ON DUPLICATE KEY UPDATE id=157,
--(158,8,21,'착한 훈이님이 \"갬성 카페\"라는 제목의 일기를 작성했습니다.','2021-11-18','\0','21:14:28','https://papers-bucket.s3.ap-northeast-2.amazonaws.com/dummy-user/wlgns/%ED%9B%88.jpg',1,'tksgk') ON DUPLICATE KEY UPDATE id=158,
--(159,8,21,'착한 훈이님이 \"갬성 카페\"라는 제목의 일기를 작성했습니다.','2021-11-18','\0','21:14:28','https://papers-bucket.s3.ap-northeast-2.amazonaws.com/dummy-user/wlgns/%ED%9B%88.jpg',1,'wldks') ON DUPLICATE KEY UPDATE id=159,
--(160,8,21,'착한 훈이님이 \"갬성 카페\"라는 제목의 일기를 작성했습니다.','2021-11-18','\0','21:14:28','https://papers-bucket.s3.ap-northeast-2.amazonaws.com/dummy-user/wlgns/%ED%9B%88.jpg',1,'wodud') ON DUPLICATE KEY UPDATE id=160,
--(161,8,21,'착한 훈이님이 \"하이룽 일기 꽂혔다.\"라는 제목의 일기를 작성했습니다.','2021-11-18','\0','21:15:24','https://papers-bucket.s3.ap-northeast-2.amazonaws.com/dummy-user/wlgns/%ED%9B%88.jpg',1,'ssafy_coach') ON DUPLICATE KEY UPDATE id=161,
--(162,8,21,'착한 훈이님이 \"하이룽 일기 꽂혔다.\"라는 제목의 일기를 작성했습니다.','2021-11-18','\0','21:15:24','https://papers-bucket.s3.ap-northeast-2.amazonaws.com/dummy-user/wlgns/%ED%9B%88.jpg',1,'ssafy_consult') ON DUPLICATE KEY UPDATE id=162,
--(163,8,21,'착한 훈이님이 \"하이룽 일기 꽂혔다.\"라는 제목의 일기를 작성했습니다.','2021-11-18','\0','21:15:24','https://papers-bucket.s3.ap-northeast-2.amazonaws.com/dummy-user/wlgns/%ED%9B%88.jpg',1,'qjawls') ON DUPLICATE KEY UPDATE id=163,
--(164,8,21,'착한 훈이님이 \"하이룽 일기 꽂혔다.\"라는 제목의 일기를 작성했습니다.','2021-11-18','\0','21:15:24','https://papers-bucket.s3.ap-northeast-2.amazonaws.com/dummy-user/wlgns/%ED%9B%88.jpg',1,'tksgk') ON DUPLICATE KEY UPDATE id=164,
--(165,8,21,'착한 훈이님이 \"하이룽 일기 꽂혔다.\"라는 제목의 일기를 작성했습니다.','2021-11-18','\0','21:15:24','https://papers-bucket.s3.ap-northeast-2.amazonaws.com/dummy-user/wlgns/%ED%9B%88.jpg',1,'wldks') ON DUPLICATE KEY UPDATE id=165,
--(166,8,21,'착한 훈이님이 \"하이룽 일기 꽂혔다.\"라는 제목의 일기를 작성했습니다.','2021-11-18','\0','21:15:24','https://papers-bucket.s3.ap-northeast-2.amazonaws.com/dummy-user/wlgns/%ED%9B%88.jpg',1,'wodud') ON DUPLICATE KEY UPDATE id=166,
--(167,8,21,'착한 훈이님이 \"개사료 가격 실화?\"라는 제목의 일기를 작성했습니다.','2021-11-18','\0','21:15:51','https://papers-bucket.s3.ap-northeast-2.amazonaws.com/dummy-user/wlgns/%ED%9B%88.jpg',1,'ssafy_coach') ON DUPLICATE KEY UPDATE id=167,
--(168,8,21,'착한 훈이님이 \"개사료 가격 실화?\"라는 제목의 일기를 작성했습니다.','2021-11-18','\0','21:15:51','https://papers-bucket.s3.ap-northeast-2.amazonaws.com/dummy-user/wlgns/%ED%9B%88.jpg',1,'ssafy_consult') ON DUPLICATE KEY UPDATE id=168,
--(169,8,21,'착한 훈이님이 \"개사료 가격 실화?\"라는 제목의 일기를 작성했습니다.','2021-11-18','\0','21:15:51','https://papers-bucket.s3.ap-northeast-2.amazonaws.com/dummy-user/wlgns/%ED%9B%88.jpg',1,'qjawls') ON DUPLICATE KEY UPDATE id=169,
--(170,8,21,'착한 훈이님이 \"개사료 가격 실화?\"라는 제목의 일기를 작성했습니다.','2021-11-18','\0','21:15:51','https://papers-bucket.s3.ap-northeast-2.amazonaws.com/dummy-user/wlgns/%ED%9B%88.jpg',1,'tksgk') ON DUPLICATE KEY UPDATE id=170,
--(171,8,21,'착한 훈이님이 \"개사료 가격 실화?\"라는 제목의 일기를 작성했습니다.','2021-11-18','\0','21:15:51','https://papers-bucket.s3.ap-northeast-2.amazonaws.com/dummy-user/wlgns/%ED%9B%88.jpg',1,'wldks') ON DUPLICATE KEY UPDATE id=171,
--(172,8,21,'착한 훈이님이 \"개사료 가격 실화?\"라는 제목의 일기를 작성했습니다.','2021-11-18','\0','21:15:51','https://papers-bucket.s3.ap-northeast-2.amazonaws.com/dummy-user/wlgns/%ED%9B%88.jpg',1,'wodud') ON DUPLICATE KEY UPDATE id=172,
--(173,8,21,'착한 훈이님이 \"일본 여행 기록\"라는 제목의 일기를 작성했습니다.','2021-11-18','\0','21:16:16','https://papers-bucket.s3.ap-northeast-2.amazonaws.com/dummy-user/wlgns/%ED%9B%88.jpg',1,'ssafy_coach') ON DUPLICATE KEY UPDATE id=173,
--(174,8,21,'착한 훈이님이 \"일본 여행 기록\"라는 제목의 일기를 작성했습니다.','2021-11-18','\0','21:16:16','https://papers-bucket.s3.ap-northeast-2.amazonaws.com/dummy-user/wlgns/%ED%9B%88.jpg',1,'ssafy_consult') ON DUPLICATE KEY UPDATE id=174,
--(175,8,21,'착한 훈이님이 \"일본 여행 기록\"라는 제목의 일기를 작성했습니다.','2021-11-18','\0','21:16:16','https://papers-bucket.s3.ap-northeast-2.amazonaws.com/dummy-user/wlgns/%ED%9B%88.jpg',1,'qjawls') ON DUPLICATE KEY UPDATE id=175,
--(176,8,21,'착한 훈이님이 \"일본 여행 기록\"라는 제목의 일기를 작성했습니다.','2021-11-18','\0','21:16:16','https://papers-bucket.s3.ap-northeast-2.amazonaws.com/dummy-user/wlgns/%ED%9B%88.jpg',1,'tksgk') ON DUPLICATE KEY UPDATE id=176,
--(177,8,21,'착한 훈이님이 \"일본 여행 기록\"라는 제목의 일기를 작성했습니다.','2021-11-18','\0','21:16:16','https://papers-bucket.s3.ap-northeast-2.amazonaws.com/dummy-user/wlgns/%ED%9B%88.jpg',1,'wldks') ON DUPLICATE KEY UPDATE id=177,
--(178,8,21,'착한 훈이님이 \"일본 여행 기록\"라는 제목의 일기를 작성했습니다.','2021-11-18','\0','21:16:16','https://papers-bucket.s3.ap-northeast-2.amazonaws.com/dummy-user/wlgns/%ED%9B%88.jpg',1,'wodud') ON DUPLICATE KEY UPDATE id=178;
INSERT INTO `notification` VALUES (1,8,0,'착한 훈이님이 SSAFY 일기장♥ 일기장에 회원님을 초대했습니다.','2021-11-18','\0','20:16:40','https://papers-bucket.s3.ap-northeast-2.amazonaws.com/dummy-user/wlgns/%ED%9B%88.jpg',3,'ssafy_coach') ON DUPLICATE KEY UPDATE id=1;
INSERT INTO `notification` VALUES (2,8,0,'착한 훈이님이 SSAFY 일기장♥ 일기장에 회원님을 초대했습니다.','2021-11-18','','20:16:40','https://papers-bucket.s3.ap-northeast-2.amazonaws.com/dummy-user/wlgns/%ED%9B%88.jpg',3,'ssafy_consult') ON DUPLICATE KEY UPDATE id=2;
INSERT INTO `notification` VALUES (3,8,0,'착한 훈이님이 SSAFY 일기장♥ 일기장에 회원님을 초대했습니다.','2021-11-18','\0','20:16:49','https://papers-bucket.s3.ap-northeast-2.amazonaws.com/dummy-user/wlgns/%ED%9B%88.jpg',3,'qjawls') ON DUPLICATE KEY UPDATE id=3;
INSERT INTO `notification` VALUES (4,8,0,'착한 훈이님이 SSAFY 일기장♥ 일기장에 회원님을 초대했습니다.','2021-11-18','\0','20:16:49','https://papers-bucket.s3.ap-northeast-2.amazonaws.com/dummy-user/wlgns/%ED%9B%88.jpg',3,'wldks') ON DUPLICATE KEY UPDATE id=4;
INSERT INTO `notification` VALUES (5,8,0,'착한 훈이님이 SSAFY 일기장♥ 일기장에 회원님을 초대했습니다.','2021-11-18','\0','20:16:49','https://papers-bucket.s3.ap-northeast-2.amazonaws.com/dummy-user/wlgns/%ED%9B%88.jpg',3,'wodud') ON DUPLICATE KEY UPDATE id=5;
INSERT INTO `notification` VALUES (6,8,0,'착한 훈이님이 SSAFY 일기장♥ 일기장에 회원님을 초대했습니다.','2021-11-18','\0','20:16:55','https://papers-bucket.s3.ap-northeast-2.amazonaws.com/dummy-user/wlgns/%ED%9B%88.jpg',3,'tksgk') ON DUPLICATE KEY UPDATE id=6;
INSERT INTO `notification` VALUES (7,8,0,'착한 훈이님이 SSAFY 일기장♥ 일기장에 회원님을 초대했습니다.','2021-11-18','\0','20:16:55','https://papers-bucket.s3.ap-northeast-2.amazonaws.com/dummy-user/wlgns/%ED%9B%88.jpg',3,'wldks') ON DUPLICATE KEY UPDATE id=7;
INSERT INTO `notification` VALUES (8,8,0,'착한 훈이님이 SSAFY 일기장♥ 일기장에 회원님을 초대했습니다.','2021-11-18','\0','20:16:55','https://papers-bucket.s3.ap-northeast-2.amazonaws.com/dummy-user/wlgns/%ED%9B%88.jpg',3,'wodud') ON DUPLICATE KEY UPDATE id=8;
INSERT INTO `notification` VALUES (9,8,1,'착한 훈이님이 \"오늘 먹은 거 기록\"라는 제목의 일기를 작성했습니다.','2021-11-18','\0','20:21:07','https://papers-bucket.s3.ap-northeast-2.amazonaws.com/dummy-user/wlgns/%ED%9B%88.jpg',1,'ssafy_coach') ON DUPLICATE KEY UPDATE id=9;
INSERT INTO `notification` VALUES (10,8,1,'착한 훈이님이 \"오늘 먹은 거 기록\"라는 제목의 일기를 작성했습니다.','2021-11-18','\0','20:21:07','https://papers-bucket.s3.ap-northeast-2.amazonaws.com/dummy-user/wlgns/%ED%9B%88.jpg',1,'ssafy_consult') ON DUPLICATE KEY UPDATE id=10;
INSERT INTO `notification` VALUES (11,8,1,'착한 훈이님이 \"오늘 먹은 거 기록\"라는 제목의 일기를 작성했습니다.','2021-11-18','\0','20:21:07','https://papers-bucket.s3.ap-northeast-2.amazonaws.com/dummy-user/wlgns/%ED%9B%88.jpg',1,'qjawls') ON DUPLICATE KEY UPDATE id=11;
INSERT INTO `notification` VALUES (12,8,1,'착한 훈이님이 \"오늘 먹은 거 기록\"라는 제목의 일기를 작성했습니다.','2021-11-18','\0','20:21:07','https://papers-bucket.s3.ap-northeast-2.amazonaws.com/dummy-user/wlgns/%ED%9B%88.jpg',1,'tksgk') ON DUPLICATE KEY UPDATE id=12;
INSERT INTO `notification` VALUES (13,8,1,'착한 훈이님이 \"오늘 먹은 거 기록\"라는 제목의 일기를 작성했습니다.','2021-11-18','\0','20:21:07','https://papers-bucket.s3.ap-northeast-2.amazonaws.com/dummy-user/wlgns/%ED%9B%88.jpg',1,'wldks') ON DUPLICATE KEY UPDATE id=13;
INSERT INTO `notification` VALUES (14,8,1,'착한 훈이님이 \"오늘 먹은 거 기록\"라는 제목의 일기를 작성했습니다.','2021-11-18','\0','20:21:07','https://papers-bucket.s3.ap-northeast-2.amazonaws.com/dummy-user/wlgns/%ED%9B%88.jpg',1,'wodud') ON DUPLICATE KEY UPDATE id=14;
INSERT INTO `notification` VALUES (15,8,2,'착한 훈이님이 \"오늘은 센치해지는 날\"라는 제목의 일기를 작성했습니다.','2021-11-18','\0','20:22:27','https://papers-bucket.s3.ap-northeast-2.amazonaws.com/dummy-user/wlgns/%ED%9B%88.jpg',1,'ssafy_coach') ON DUPLICATE KEY UPDATE id=15;
INSERT INTO `notification` VALUES (16,8,2,'착한 훈이님이 \"오늘은 센치해지는 날\"라는 제목의 일기를 작성했습니다.','2021-11-18','\0','20:22:27','https://papers-bucket.s3.ap-northeast-2.amazonaws.com/dummy-user/wlgns/%ED%9B%88.jpg',1,'ssafy_consult') ON DUPLICATE KEY UPDATE id=16;
INSERT INTO `notification` VALUES (17,8,2,'착한 훈이님이 \"오늘은 센치해지는 날\"라는 제목의 일기를 작성했습니다.','2021-11-18','\0','20:22:27','https://papers-bucket.s3.ap-northeast-2.amazonaws.com/dummy-user/wlgns/%ED%9B%88.jpg',1,'qjawls') ON DUPLICATE KEY UPDATE id=17;
INSERT INTO `notification` VALUES (18,8,2,'착한 훈이님이 \"오늘은 센치해지는 날\"라는 제목의 일기를 작성했습니다.','2021-11-18','\0','20:22:27','https://papers-bucket.s3.ap-northeast-2.amazonaws.com/dummy-user/wlgns/%ED%9B%88.jpg',1,'tksgk') ON DUPLICATE KEY UPDATE id=18;
INSERT INTO `notification` VALUES (19,8,2,'착한 훈이님이 \"오늘은 센치해지는 날\"라는 제목의 일기를 작성했습니다.','2021-11-18','\0','20:22:27','https://papers-bucket.s3.ap-northeast-2.amazonaws.com/dummy-user/wlgns/%ED%9B%88.jpg',1,'wldks') ON DUPLICATE KEY UPDATE id=19;
INSERT INTO `notification` VALUES (20,8,2,'착한 훈이님이 \"오늘은 센치해지는 날\"라는 제목의 일기를 작성했습니다.','2021-11-18','\0','20:22:27','https://papers-bucket.s3.ap-northeast-2.amazonaws.com/dummy-user/wlgns/%ED%9B%88.jpg',1,'wodud') ON DUPLICATE KEY UPDATE id=20;
INSERT INTO `notification` VALUES (21,8,3,'착한 훈이님이 \"초코와 우유(초코우유 아님)\"라는 제목의 일기를 작성했습니다.','2021-11-18','\0','20:26:07','https://papers-bucket.s3.ap-northeast-2.amazonaws.com/dummy-user/wlgns/%ED%9B%88.jpg',1,'ssafy_coach') ON DUPLICATE KEY UPDATE id=21;
INSERT INTO `notification` VALUES (22,8,3,'착한 훈이님이 \"초코와 우유(초코우유 아님)\"라는 제목의 일기를 작성했습니다.','2021-11-18','\0','20:26:07','https://papers-bucket.s3.ap-northeast-2.amazonaws.com/dummy-user/wlgns/%ED%9B%88.jpg',1,'ssafy_consult') ON DUPLICATE KEY UPDATE id=22;
INSERT INTO `notification` VALUES (23,8,3,'착한 훈이님이 \"초코와 우유(초코우유 아님)\"라는 제목의 일기를 작성했습니다.','2021-11-18','\0','20:26:07','https://papers-bucket.s3.ap-northeast-2.amazonaws.com/dummy-user/wlgns/%ED%9B%88.jpg',1,'qjawls') ON DUPLICATE KEY UPDATE id=23;
INSERT INTO `notification` VALUES (24,8,3,'착한 훈이님이 \"초코와 우유(초코우유 아님)\"라는 제목의 일기를 작성했습니다.','2021-11-18','\0','20:26:07','https://papers-bucket.s3.ap-northeast-2.amazonaws.com/dummy-user/wlgns/%ED%9B%88.jpg',1,'tksgk') ON DUPLICATE KEY UPDATE id=24;
INSERT INTO `notification` VALUES (25,8,3,'착한 훈이님이 \"초코와 우유(초코우유 아님)\"라는 제목의 일기를 작성했습니다.','2021-11-18','\0','20:26:07','https://papers-bucket.s3.ap-northeast-2.amazonaws.com/dummy-user/wlgns/%ED%9B%88.jpg',1,'wldks') ON DUPLICATE KEY UPDATE id=25;
INSERT INTO `notification` VALUES (26,8,3,'착한 훈이님이 \"초코와 우유(초코우유 아님)\"라는 제목의 일기를 작성했습니다.','2021-11-18','\0','20:26:07','https://papers-bucket.s3.ap-northeast-2.amazonaws.com/dummy-user/wlgns/%ED%9B%88.jpg',1,'wodud') ON DUPLICATE KEY UPDATE id=26;
INSERT INTO `notification` VALUES (27,8,4,'착한 훈이님이 \"너는 왜 이렇게 새침한거니\"라는 제목의 일기를 작성했습니다.','2021-11-18','\0','20:26:55','https://papers-bucket.s3.ap-northeast-2.amazonaws.com/dummy-user/wlgns/%ED%9B%88.jpg',1,'ssafy_coach') ON DUPLICATE KEY UPDATE id=27;
INSERT INTO `notification` VALUES (28,8,4,'착한 훈이님이 \"너는 왜 이렇게 새침한거니\"라는 제목의 일기를 작성했습니다.','2021-11-18','\0','20:26:55','https://papers-bucket.s3.ap-northeast-2.amazonaws.com/dummy-user/wlgns/%ED%9B%88.jpg',1,'ssafy_consult') ON DUPLICATE KEY UPDATE id=28;
INSERT INTO `notification` VALUES (29,8,4,'착한 훈이님이 \"너는 왜 이렇게 새침한거니\"라는 제목의 일기를 작성했습니다.','2021-11-18','\0','20:26:55','https://papers-bucket.s3.ap-northeast-2.amazonaws.com/dummy-user/wlgns/%ED%9B%88.jpg',1,'qjawls') ON DUPLICATE KEY UPDATE id=29;
INSERT INTO `notification` VALUES (30,8,4,'착한 훈이님이 \"너는 왜 이렇게 새침한거니\"라는 제목의 일기를 작성했습니다.','2021-11-18','\0','20:26:55','https://papers-bucket.s3.ap-northeast-2.amazonaws.com/dummy-user/wlgns/%ED%9B%88.jpg',1,'tksgk') ON DUPLICATE KEY UPDATE id=30;
INSERT INTO `notification` VALUES (31,8,4,'착한 훈이님이 \"너는 왜 이렇게 새침한거니\"라는 제목의 일기를 작성했습니다.','2021-11-18','\0','20:26:55','https://papers-bucket.s3.ap-northeast-2.amazonaws.com/dummy-user/wlgns/%ED%9B%88.jpg',1,'wldks') ON DUPLICATE KEY UPDATE id=31;
INSERT INTO `notification` VALUES (32,8,4,'착한 훈이님이 \"너는 왜 이렇게 새침한거니\"라는 제목의 일기를 작성했습니다.','2021-11-18','\0','20:26:55','https://papers-bucket.s3.ap-northeast-2.amazonaws.com/dummy-user/wlgns/%ED%9B%88.jpg',1,'wodud') ON DUPLICATE KEY UPDATE id=32;
INSERT INTO `notification` VALUES (33,8,5,'착한 훈이님이 \"네 저 술 마셨어요\"라는 제목의 일기를 작성했습니다.','2021-11-18','\0','20:28:25','https://papers-bucket.s3.ap-northeast-2.amazonaws.com/dummy-user/wlgns/%ED%9B%88.jpg',1,'ssafy_coach') ON DUPLICATE KEY UPDATE id=33;
INSERT INTO `notification` VALUES (34,8,5,'착한 훈이님이 \"네 저 술 마셨어요\"라는 제목의 일기를 작성했습니다.','2021-11-18','\0','20:28:25','https://papers-bucket.s3.ap-northeast-2.amazonaws.com/dummy-user/wlgns/%ED%9B%88.jpg',1,'ssafy_consult') ON DUPLICATE KEY UPDATE id=34;
INSERT INTO `notification` VALUES (35,8,5,'착한 훈이님이 \"네 저 술 마셨어요\"라는 제목의 일기를 작성했습니다.','2021-11-18','\0','20:28:25','https://papers-bucket.s3.ap-northeast-2.amazonaws.com/dummy-user/wlgns/%ED%9B%88.jpg',1,'qjawls') ON DUPLICATE KEY UPDATE id=35;
INSERT INTO `notification` VALUES (36,8,5,'착한 훈이님이 \"네 저 술 마셨어요\"라는 제목의 일기를 작성했습니다.','2021-11-18','\0','20:28:25','https://papers-bucket.s3.ap-northeast-2.amazonaws.com/dummy-user/wlgns/%ED%9B%88.jpg',1,'tksgk') ON DUPLICATE KEY UPDATE id=36;
INSERT INTO `notification` VALUES (37,8,5,'착한 훈이님이 \"네 저 술 마셨어요\"라는 제목의 일기를 작성했습니다.','2021-11-18','\0','20:28:25','https://papers-bucket.s3.ap-northeast-2.amazonaws.com/dummy-user/wlgns/%ED%9B%88.jpg',1,'wldks') ON DUPLICATE KEY UPDATE id=37;
INSERT INTO `notification` VALUES (38,8,5,'착한 훈이님이 \"네 저 술 마셨어요\"라는 제목의 일기를 작성했습니다.','2021-11-18','\0','20:28:25','https://papers-bucket.s3.ap-northeast-2.amazonaws.com/dummy-user/wlgns/%ED%9B%88.jpg',1,'wodud') ON DUPLICATE KEY UPDATE id=38;
INSERT INTO `notification` VALUES (39,8,6,'착한 훈이님이 \"일본 여행 기록\"라는 제목의 일기를 작성했습니다.','2021-11-18','\0','20:30:05','https://papers-bucket.s3.ap-northeast-2.amazonaws.com/dummy-user/wlgns/%ED%9B%88.jpg',1,'ssafy_coach') ON DUPLICATE KEY UPDATE id=39;
INSERT INTO `notification` VALUES (40,8,6,'착한 훈이님이 \"일본 여행 기록\"라는 제목의 일기를 작성했습니다.','2021-11-18','\0','20:30:05','https://papers-bucket.s3.ap-northeast-2.amazonaws.com/dummy-user/wlgns/%ED%9B%88.jpg',1,'ssafy_consult') ON DUPLICATE KEY UPDATE id=40;
INSERT INTO `notification` VALUES (41,8,6,'착한 훈이님이 \"일본 여행 기록\"라는 제목의 일기를 작성했습니다.','2021-11-18','\0','20:30:05','https://papers-bucket.s3.ap-northeast-2.amazonaws.com/dummy-user/wlgns/%ED%9B%88.jpg',1,'qjawls') ON DUPLICATE KEY UPDATE id=41;
INSERT INTO `notification` VALUES (42,8,6,'착한 훈이님이 \"일본 여행 기록\"라는 제목의 일기를 작성했습니다.','2021-11-18','\0','20:30:05','https://papers-bucket.s3.ap-northeast-2.amazonaws.com/dummy-user/wlgns/%ED%9B%88.jpg',1,'tksgk') ON DUPLICATE KEY UPDATE id=42;
INSERT INTO `notification` VALUES (43,8,6,'착한 훈이님이 \"일본 여행 기록\"라는 제목의 일기를 작성했습니다.','2021-11-18','\0','20:30:05','https://papers-bucket.s3.ap-northeast-2.amazonaws.com/dummy-user/wlgns/%ED%9B%88.jpg',1,'wldks') ON DUPLICATE KEY UPDATE id=43;
INSERT INTO `notification` VALUES (44,8,6,'착한 훈이님이 \"일본 여행 기록\"라는 제목의 일기를 작성했습니다.','2021-11-18','\0','20:30:05','https://papers-bucket.s3.ap-northeast-2.amazonaws.com/dummy-user/wlgns/%ED%9B%88.jpg',1,'wodud') ON DUPLICATE KEY UPDATE id=44;
INSERT INTO `notification` VALUES (45,8,8,'착한 훈이님이 \"개사료 가격 실화?\"라는 제목의 일기를 작성했습니다.','2021-11-18','\0','20:35:59','https://papers-bucket.s3.ap-northeast-2.amazonaws.com/dummy-user/wlgns/%ED%9B%88.jpg',1,'ssafy_coach') ON DUPLICATE KEY UPDATE id=45;
INSERT INTO `notification` VALUES (46,8,8,'착한 훈이님이 \"개사료 가격 실화?\"라는 제목의 일기를 작성했습니다.','2021-11-18','\0','20:35:59','https://papers-bucket.s3.ap-northeast-2.amazonaws.com/dummy-user/wlgns/%ED%9B%88.jpg',1,'ssafy_consult') ON DUPLICATE KEY UPDATE id=46;
INSERT INTO `notification` VALUES (47,8,8,'착한 훈이님이 \"개사료 가격 실화?\"라는 제목의 일기를 작성했습니다.','2021-11-18','\0','20:35:59','https://papers-bucket.s3.ap-northeast-2.amazonaws.com/dummy-user/wlgns/%ED%9B%88.jpg',1,'qjawls') ON DUPLICATE KEY UPDATE id=47;
INSERT INTO `notification` VALUES (48,8,8,'착한 훈이님이 \"개사료 가격 실화?\"라는 제목의 일기를 작성했습니다.','2021-11-18','\0','20:35:59','https://papers-bucket.s3.ap-northeast-2.amazonaws.com/dummy-user/wlgns/%ED%9B%88.jpg',1,'tksgk') ON DUPLICATE KEY UPDATE id=48;
INSERT INTO `notification` VALUES (49,8,8,'착한 훈이님이 \"개사료 가격 실화?\"라는 제목의 일기를 작성했습니다.','2021-11-18','\0','20:35:59','https://papers-bucket.s3.ap-northeast-2.amazonaws.com/dummy-user/wlgns/%ED%9B%88.jpg',1,'wldks') ON DUPLICATE KEY UPDATE id=49;
INSERT INTO `notification` VALUES (50,8,8,'착한 훈이님이 \"개사료 가격 실화?\"라는 제목의 일기를 작성했습니다.','2021-11-18','\0','20:35:59','https://papers-bucket.s3.ap-northeast-2.amazonaws.com/dummy-user/wlgns/%ED%9B%88.jpg',1,'wodud') ON DUPLICATE KEY UPDATE id=50;
INSERT INTO `notification` VALUES (51,8,9,'착한 훈이님이 \"여행스타그램\"라는 제목의 일기를 작성했습니다.','2021-11-18','\0','20:40:52','https://papers-bucket.s3.ap-northeast-2.amazonaws.com/dummy-user/wlgns/%ED%9B%88.jpg',1,'ssafy_coach') ON DUPLICATE KEY UPDATE id=51;
INSERT INTO `notification` VALUES (52,8,9,'착한 훈이님이 \"여행스타그램\"라는 제목의 일기를 작성했습니다.','2021-11-18','\0','20:40:52','https://papers-bucket.s3.ap-northeast-2.amazonaws.com/dummy-user/wlgns/%ED%9B%88.jpg',1,'ssafy_consult') ON DUPLICATE KEY UPDATE id=52;
INSERT INTO `notification` VALUES (53,8,9,'착한 훈이님이 \"여행스타그램\"라는 제목의 일기를 작성했습니다.','2021-11-18','\0','20:40:52','https://papers-bucket.s3.ap-northeast-2.amazonaws.com/dummy-user/wlgns/%ED%9B%88.jpg',1,'qjawls') ON DUPLICATE KEY UPDATE id=53;
INSERT INTO `notification` VALUES (54,8,9,'착한 훈이님이 \"여행스타그램\"라는 제목의 일기를 작성했습니다.','2021-11-18','\0','20:40:52','https://papers-bucket.s3.ap-northeast-2.amazonaws.com/dummy-user/wlgns/%ED%9B%88.jpg',1,'tksgk') ON DUPLICATE KEY UPDATE id=54;
INSERT INTO `notification` VALUES (55,8,9,'착한 훈이님이 \"여행스타그램\"라는 제목의 일기를 작성했습니다.','2021-11-18','\0','20:40:52','https://papers-bucket.s3.ap-northeast-2.amazonaws.com/dummy-user/wlgns/%ED%9B%88.jpg',1,'wldks') ON DUPLICATE KEY UPDATE id=55;
INSERT INTO `notification` VALUES (56,8,9,'착한 훈이님이 \"여행스타그램\"라는 제목의 일기를 작성했습니다.','2021-11-18','\0','20:40:52','https://papers-bucket.s3.ap-northeast-2.amazonaws.com/dummy-user/wlgns/%ED%9B%88.jpg',1,'wodud') ON DUPLICATE KEY UPDATE id=56;
INSERT INTO `notification` VALUES (57,8,10,'착한 훈이님이 \"하이룽 일기 꽂혔다.\"라는 제목의 일기를 작성했습니다.','2021-11-18','\0','20:42:45','https://papers-bucket.s3.ap-northeast-2.amazonaws.com/dummy-user/wlgns/%ED%9B%88.jpg',1,'ssafy_coach') ON DUPLICATE KEY UPDATE id=57;
INSERT INTO `notification` VALUES (58,8,10,'착한 훈이님이 \"하이룽 일기 꽂혔다.\"라는 제목의 일기를 작성했습니다.','2021-11-18','\0','20:42:45','https://papers-bucket.s3.ap-northeast-2.amazonaws.com/dummy-user/wlgns/%ED%9B%88.jpg',1,'ssafy_consult') ON DUPLICATE KEY UPDATE id=58;
INSERT INTO `notification` VALUES (59,8,10,'착한 훈이님이 \"하이룽 일기 꽂혔다.\"라는 제목의 일기를 작성했습니다.','2021-11-18','\0','20:42:45','https://papers-bucket.s3.ap-northeast-2.amazonaws.com/dummy-user/wlgns/%ED%9B%88.jpg',1,'qjawls') ON DUPLICATE KEY UPDATE id=59;
INSERT INTO `notification` VALUES (60,8,10,'착한 훈이님이 \"하이룽 일기 꽂혔다.\"라는 제목의 일기를 작성했습니다.','2021-11-18','\0','20:42:45','https://papers-bucket.s3.ap-northeast-2.amazonaws.com/dummy-user/wlgns/%ED%9B%88.jpg',1,'tksgk') ON DUPLICATE KEY UPDATE id=60;
INSERT INTO `notification` VALUES (61,8,10,'착한 훈이님이 \"하이룽 일기 꽂혔다.\"라는 제목의 일기를 작성했습니다.','2021-11-18','\0','20:42:45','https://papers-bucket.s3.ap-northeast-2.amazonaws.com/dummy-user/wlgns/%ED%9B%88.jpg',1,'wldks') ON DUPLICATE KEY UPDATE id=61;
INSERT INTO `notification` VALUES (62,8,10,'착한 훈이님이 \"하이룽 일기 꽂혔다.\"라는 제목의 일기를 작성했습니다.','2021-11-18','\0','20:42:45','https://papers-bucket.s3.ap-northeast-2.amazonaws.com/dummy-user/wlgns/%ED%9B%88.jpg',1,'wodud') ON DUPLICATE KEY UPDATE id=62;
INSERT INTO `notification` VALUES (63,8,10,'착한 훈이님이 \"하이룽 일기 꽂혔다.\"라는 제목의 일기를 작성했습니다.','2021-11-18','\0','20:42:53','https://papers-bucket.s3.ap-northeast-2.amazonaws.com/dummy-user/wlgns/%ED%9B%88.jpg',1,'ssafy_coach') ON DUPLICATE KEY UPDATE id=63;
INSERT INTO `notification` VALUES (64,8,10,'착한 훈이님이 \"하이룽 일기 꽂혔다.\"라는 제목의 일기를 작성했습니다.','2021-11-18','\0','20:42:53','https://papers-bucket.s3.ap-northeast-2.amazonaws.com/dummy-user/wlgns/%ED%9B%88.jpg',1,'ssafy_consult') ON DUPLICATE KEY UPDATE id=64;
INSERT INTO `notification` VALUES (65,8,10,'착한 훈이님이 \"하이룽 일기 꽂혔다.\"라는 제목의 일기를 작성했습니다.','2021-11-18','\0','20:42:53','https://papers-bucket.s3.ap-northeast-2.amazonaws.com/dummy-user/wlgns/%ED%9B%88.jpg',1,'qjawls') ON DUPLICATE KEY UPDATE id=65;
INSERT INTO `notification` VALUES (66,8,10,'착한 훈이님이 \"하이룽 일기 꽂혔다.\"라는 제목의 일기를 작성했습니다.','2021-11-18','\0','20:42:53','https://papers-bucket.s3.ap-northeast-2.amazonaws.com/dummy-user/wlgns/%ED%9B%88.jpg',1,'tksgk') ON DUPLICATE KEY UPDATE id=66;
INSERT INTO `notification` VALUES (67,8,10,'착한 훈이님이 \"하이룽 일기 꽂혔다.\"라는 제목의 일기를 작성했습니다.','2021-11-18','\0','20:42:53','https://papers-bucket.s3.ap-northeast-2.amazonaws.com/dummy-user/wlgns/%ED%9B%88.jpg',1,'wldks') ON DUPLICATE KEY UPDATE id=67;
INSERT INTO `notification` VALUES (68,8,10,'착한 훈이님이 \"하이룽 일기 꽂혔다.\"라는 제목의 일기를 작성했습니다.','2021-11-18','\0','20:42:53','https://papers-bucket.s3.ap-northeast-2.amazonaws.com/dummy-user/wlgns/%ED%9B%88.jpg',1,'wodud') ON DUPLICATE KEY UPDATE id=68;
INSERT INTO `notification` VALUES (69,8,12,'착한 훈이님이 \"첫 눈.\"라는 제목의 일기를 작성했습니다.','2021-11-18','\0','20:53:20','https://papers-bucket.s3.ap-northeast-2.amazonaws.com/dummy-user/wlgns/%ED%9B%88.jpg',1,'ssafy_coach') ON DUPLICATE KEY UPDATE id=69;
INSERT INTO `notification` VALUES (70,8,12,'착한 훈이님이 \"첫 눈.\"라는 제목의 일기를 작성했습니다.','2021-11-18','\0','20:53:20','https://papers-bucket.s3.ap-northeast-2.amazonaws.com/dummy-user/wlgns/%ED%9B%88.jpg',1,'ssafy_consult') ON DUPLICATE KEY UPDATE id=70;
INSERT INTO `notification` VALUES (71,8,12,'착한 훈이님이 \"첫 눈.\"라는 제목의 일기를 작성했습니다.','2021-11-18','\0','20:53:20','https://papers-bucket.s3.ap-northeast-2.amazonaws.com/dummy-user/wlgns/%ED%9B%88.jpg',1,'qjawls') ON DUPLICATE KEY UPDATE id=71;
INSERT INTO `notification` VALUES (72,8,12,'착한 훈이님이 \"첫 눈.\"라는 제목의 일기를 작성했습니다.','2021-11-18','\0','20:53:20','https://papers-bucket.s3.ap-northeast-2.amazonaws.com/dummy-user/wlgns/%ED%9B%88.jpg',1,'tksgk') ON DUPLICATE KEY UPDATE id=72;
INSERT INTO `notification` VALUES (73,8,12,'착한 훈이님이 \"첫 눈.\"라는 제목의 일기를 작성했습니다.','2021-11-18','\0','20:53:20','https://papers-bucket.s3.ap-northeast-2.amazonaws.com/dummy-user/wlgns/%ED%9B%88.jpg',1,'wldks') ON DUPLICATE KEY UPDATE id=73;
INSERT INTO `notification` VALUES (74,8,12,'착한 훈이님이 \"첫 눈.\"라는 제목의 일기를 작성했습니다.','2021-11-18','\0','20:53:20','https://papers-bucket.s3.ap-northeast-2.amazonaws.com/dummy-user/wlgns/%ED%9B%88.jpg',1,'wodud') ON DUPLICATE KEY UPDATE id=74;
INSERT INTO `notification` VALUES (75,8,12,'착한 훈이님이 \"첫 눈.\"라는 제목의 일기를 작성했습니다.','2021-11-18','\0','20:53:29','https://papers-bucket.s3.ap-northeast-2.amazonaws.com/dummy-user/wlgns/%ED%9B%88.jpg',1,'ssafy_coach') ON DUPLICATE KEY UPDATE id=75;
INSERT INTO `notification` VALUES (76,8,12,'착한 훈이님이 \"첫 눈.\"라는 제목의 일기를 작성했습니다.','2021-11-18','\0','20:53:29','https://papers-bucket.s3.ap-northeast-2.amazonaws.com/dummy-user/wlgns/%ED%9B%88.jpg',1,'ssafy_consult') ON DUPLICATE KEY UPDATE id=76;
INSERT INTO `notification` VALUES (77,8,12,'착한 훈이님이 \"첫 눈.\"라는 제목의 일기를 작성했습니다.','2021-11-18','\0','20:53:29','https://papers-bucket.s3.ap-northeast-2.amazonaws.com/dummy-user/wlgns/%ED%9B%88.jpg',1,'qjawls') ON DUPLICATE KEY UPDATE id=77;
INSERT INTO `notification` VALUES (78,8,12,'착한 훈이님이 \"첫 눈.\"라는 제목의 일기를 작성했습니다.','2021-11-18','\0','20:53:29','https://papers-bucket.s3.ap-northeast-2.amazonaws.com/dummy-user/wlgns/%ED%9B%88.jpg',1,'tksgk') ON DUPLICATE KEY UPDATE id=78;
INSERT INTO `notification` VALUES (79,8,12,'착한 훈이님이 \"첫 눈.\"라는 제목의 일기를 작성했습니다.','2021-11-18','\0','20:53:29','https://papers-bucket.s3.ap-northeast-2.amazonaws.com/dummy-user/wlgns/%ED%9B%88.jpg',1,'wldks') ON DUPLICATE KEY UPDATE id=79;
INSERT INTO `notification` VALUES (80,8,12,'착한 훈이님이 \"첫 눈.\"라는 제목의 일기를 작성했습니다.','2021-11-18','\0','20:53:29','https://papers-bucket.s3.ap-northeast-2.amazonaws.com/dummy-user/wlgns/%ED%9B%88.jpg',1,'wodud') ON DUPLICATE KEY UPDATE id=80;
INSERT INTO `notification` VALUES (81,8,3,'착한 훈이님이 \"초코와 우유(초코우유 아님)\" 에 감정을 표현했습니다.','2021-11-18','\0','20:53:55','https://papers-bucket.s3.ap-northeast-2.amazonaws.com/dummy-user/wlgns/%ED%9B%88.jpg',2,'ssafy_coach') ON DUPLICATE KEY UPDATE id=81;
INSERT INTO `notification` VALUES (82,8,3,'착한 훈이님이 \"초코와 우유(초코우유 아님)\" 에 감정을 표현했습니다.','2021-11-18','\0','20:53:55','https://papers-bucket.s3.ap-northeast-2.amazonaws.com/dummy-user/wlgns/%ED%9B%88.jpg',2,'ssafy_consult') ON DUPLICATE KEY UPDATE id=82;
INSERT INTO `notification` VALUES (83,8,3,'착한 훈이님이 \"초코와 우유(초코우유 아님)\" 에 감정을 표현했습니다.','2021-11-18','\0','20:53:55','https://papers-bucket.s3.ap-northeast-2.amazonaws.com/dummy-user/wlgns/%ED%9B%88.jpg',2,'qjawls') ON DUPLICATE KEY UPDATE id=83;
INSERT INTO `notification` VALUES (84,8,3,'착한 훈이님이 \"초코와 우유(초코우유 아님)\" 에 감정을 표현했습니다.','2021-11-18','\0','20:53:55','https://papers-bucket.s3.ap-northeast-2.amazonaws.com/dummy-user/wlgns/%ED%9B%88.jpg',2,'tksgk') ON DUPLICATE KEY UPDATE id=84;
INSERT INTO `notification` VALUES (85,8,3,'착한 훈이님이 \"초코와 우유(초코우유 아님)\" 에 감정을 표현했습니다.','2021-11-18','\0','20:53:55','https://papers-bucket.s3.ap-northeast-2.amazonaws.com/dummy-user/wlgns/%ED%9B%88.jpg',2,'wldks') ON DUPLICATE KEY UPDATE id=85;
INSERT INTO `notification` VALUES (86,8,3,'착한 훈이님이 \"초코와 우유(초코우유 아님)\" 에 감정을 표현했습니다.','2021-11-18','\0','20:53:55','https://papers-bucket.s3.ap-northeast-2.amazonaws.com/dummy-user/wlgns/%ED%9B%88.jpg',2,'wodud') ON DUPLICATE KEY UPDATE id=86;
INSERT INTO `notification` VALUES (87,8,4,'착한 훈이님이 \"너는 왜 이렇게 새침한거니\" 에 감정을 표현했습니다.','2021-11-18','\0','20:53:56','https://papers-bucket.s3.ap-northeast-2.amazonaws.com/dummy-user/wlgns/%ED%9B%88.jpg',2,'ssafy_coach') ON DUPLICATE KEY UPDATE id=87;
INSERT INTO `notification` VALUES (88,8,4,'착한 훈이님이 \"너는 왜 이렇게 새침한거니\" 에 감정을 표현했습니다.','2021-11-18','\0','20:53:56','https://papers-bucket.s3.ap-northeast-2.amazonaws.com/dummy-user/wlgns/%ED%9B%88.jpg',2,'ssafy_consult') ON DUPLICATE KEY UPDATE id=88;
INSERT INTO `notification` VALUES (89,8,4,'착한 훈이님이 \"너는 왜 이렇게 새침한거니\" 에 감정을 표현했습니다.','2021-11-18','\0','20:53:56','https://papers-bucket.s3.ap-northeast-2.amazonaws.com/dummy-user/wlgns/%ED%9B%88.jpg',2,'qjawls') ON DUPLICATE KEY UPDATE id=89;
INSERT INTO `notification` VALUES (90,8,4,'착한 훈이님이 \"너는 왜 이렇게 새침한거니\" 에 감정을 표현했습니다.','2021-11-18','\0','20:53:56','https://papers-bucket.s3.ap-northeast-2.amazonaws.com/dummy-user/wlgns/%ED%9B%88.jpg',2,'tksgk') ON DUPLICATE KEY UPDATE id=90;
INSERT INTO `notification` VALUES (91,8,4,'착한 훈이님이 \"너는 왜 이렇게 새침한거니\" 에 감정을 표현했습니다.','2021-11-18','\0','20:53:56','https://papers-bucket.s3.ap-northeast-2.amazonaws.com/dummy-user/wlgns/%ED%9B%88.jpg',2,'wldks') ON DUPLICATE KEY UPDATE id=91;
INSERT INTO `notification` VALUES (92,8,4,'착한 훈이님이 \"너는 왜 이렇게 새침한거니\" 에 감정을 표현했습니다.','2021-11-18','\0','20:53:56','https://papers-bucket.s3.ap-northeast-2.amazonaws.com/dummy-user/wlgns/%ED%9B%88.jpg',2,'wodud') ON DUPLICATE KEY UPDATE id=92;
INSERT INTO `notification` VALUES (93,8,5,'착한 훈이님이 \"네 저 술 마셨어요\" 에 감정을 표현했습니다.','2021-11-18','\0','20:53:58','https://papers-bucket.s3.ap-northeast-2.amazonaws.com/dummy-user/wlgns/%ED%9B%88.jpg',2,'ssafy_coach') ON DUPLICATE KEY UPDATE id=93;
INSERT INTO `notification` VALUES (94,8,5,'착한 훈이님이 \"네 저 술 마셨어요\" 에 감정을 표현했습니다.','2021-11-18','\0','20:53:58','https://papers-bucket.s3.ap-northeast-2.amazonaws.com/dummy-user/wlgns/%ED%9B%88.jpg',2,'ssafy_consult') ON DUPLICATE KEY UPDATE id=94;
INSERT INTO `notification` VALUES (95,8,5,'착한 훈이님이 \"네 저 술 마셨어요\" 에 감정을 표현했습니다.','2021-11-18','\0','20:53:58','https://papers-bucket.s3.ap-northeast-2.amazonaws.com/dummy-user/wlgns/%ED%9B%88.jpg',2,'qjawls') ON DUPLICATE KEY UPDATE id=95;
INSERT INTO `notification` VALUES (96,8,5,'착한 훈이님이 \"네 저 술 마셨어요\" 에 감정을 표현했습니다.','2021-11-18','\0','20:53:58','https://papers-bucket.s3.ap-northeast-2.amazonaws.com/dummy-user/wlgns/%ED%9B%88.jpg',2,'tksgk') ON DUPLICATE KEY UPDATE id=96;
INSERT INTO `notification` VALUES (97,8,5,'착한 훈이님이 \"네 저 술 마셨어요\" 에 감정을 표현했습니다.','2021-11-18','\0','20:53:58','https://papers-bucket.s3.ap-northeast-2.amazonaws.com/dummy-user/wlgns/%ED%9B%88.jpg',2,'wldks') ON DUPLICATE KEY UPDATE id=97;
INSERT INTO `notification` VALUES (98,8,5,'착한 훈이님이 \"네 저 술 마셨어요\" 에 감정을 표현했습니다.','2021-11-18','\0','20:53:58','https://papers-bucket.s3.ap-northeast-2.amazonaws.com/dummy-user/wlgns/%ED%9B%88.jpg',2,'wodud') ON DUPLICATE KEY UPDATE id=98;
INSERT INTO `notification` VALUES (99,8,6,'착한 훈이님이 \"일본 여행 기록\" 에 감정을 표현했습니다.','2021-11-18','\0','20:53:59','https://papers-bucket.s3.ap-northeast-2.amazonaws.com/dummy-user/wlgns/%ED%9B%88.jpg',2,'ssafy_coach') ON DUPLICATE KEY UPDATE id=99;
INSERT INTO `notification` VALUES (100,8,6,'착한 훈이님이 \"일본 여행 기록\" 에 감정을 표현했습니다.','2021-11-18','\0','20:53:59','https://papers-bucket.s3.ap-northeast-2.amazonaws.com/dummy-user/wlgns/%ED%9B%88.jpg',2,'ssafy_consult') ON DUPLICATE KEY UPDATE id=100;
INSERT INTO `notification` VALUES (101,8,6,'착한 훈이님이 \"일본 여행 기록\" 에 감정을 표현했습니다.','2021-11-18','\0','20:53:59','https://papers-bucket.s3.ap-northeast-2.amazonaws.com/dummy-user/wlgns/%ED%9B%88.jpg',2,'qjawls') ON DUPLICATE KEY UPDATE id=101;
INSERT INTO `notification` VALUES (102,8,6,'착한 훈이님이 \"일본 여행 기록\" 에 감정을 표현했습니다.','2021-11-18','\0','20:53:59','https://papers-bucket.s3.ap-northeast-2.amazonaws.com/dummy-user/wlgns/%ED%9B%88.jpg',2,'tksgk') ON DUPLICATE KEY UPDATE id=102;
INSERT INTO `notification` VALUES (103,8,6,'착한 훈이님이 \"일본 여행 기록\" 에 감정을 표현했습니다.','2021-11-18','\0','20:53:59','https://papers-bucket.s3.ap-northeast-2.amazonaws.com/dummy-user/wlgns/%ED%9B%88.jpg',2,'wldks') ON DUPLICATE KEY UPDATE id=103;
INSERT INTO `notification` VALUES (104,8,6,'착한 훈이님이 \"일본 여행 기록\" 에 감정을 표현했습니다.','2021-11-18','\0','20:53:59','https://papers-bucket.s3.ap-northeast-2.amazonaws.com/dummy-user/wlgns/%ED%9B%88.jpg',2,'wodud') ON DUPLICATE KEY UPDATE id=104;
INSERT INTO `notification` VALUES (105,8,12,'착한 훈이님이 \"첫 눈.\" 에 감정을 표현했습니다.','2021-11-18','\0','20:54:01','https://papers-bucket.s3.ap-northeast-2.amazonaws.com/dummy-user/wlgns/%ED%9B%88.jpg',2,'ssafy_coach') ON DUPLICATE KEY UPDATE id=105;
INSERT INTO `notification` VALUES (106,8,12,'착한 훈이님이 \"첫 눈.\" 에 감정을 표현했습니다.','2021-11-18','\0','20:54:01','https://papers-bucket.s3.ap-northeast-2.amazonaws.com/dummy-user/wlgns/%ED%9B%88.jpg',2,'ssafy_consult') ON DUPLICATE KEY UPDATE id=106;
INSERT INTO `notification` VALUES (107,8,12,'착한 훈이님이 \"첫 눈.\" 에 감정을 표현했습니다.','2021-11-18','\0','20:54:01','https://papers-bucket.s3.ap-northeast-2.amazonaws.com/dummy-user/wlgns/%ED%9B%88.jpg',2,'qjawls') ON DUPLICATE KEY UPDATE id=107;
INSERT INTO `notification` VALUES (108,8,12,'착한 훈이님이 \"첫 눈.\" 에 감정을 표현했습니다.','2021-11-18','\0','20:54:01','https://papers-bucket.s3.ap-northeast-2.amazonaws.com/dummy-user/wlgns/%ED%9B%88.jpg',2,'tksgk') ON DUPLICATE KEY UPDATE id=108;
INSERT INTO `notification` VALUES (109,8,12,'착한 훈이님이 \"첫 눈.\" 에 감정을 표현했습니다.','2021-11-18','\0','20:54:01','https://papers-bucket.s3.ap-northeast-2.amazonaws.com/dummy-user/wlgns/%ED%9B%88.jpg',2,'wldks') ON DUPLICATE KEY UPDATE id=109;
INSERT INTO `notification` VALUES (110,8,12,'착한 훈이님이 \"첫 눈.\" 에 감정을 표현했습니다.','2021-11-18','\0','20:54:01','https://papers-bucket.s3.ap-northeast-2.amazonaws.com/dummy-user/wlgns/%ED%9B%88.jpg',2,'wodud') ON DUPLICATE KEY UPDATE id=110;
INSERT INTO `notification` VALUES (111,8,13,'착한 훈이님이 \"페퍼 마켓 ㄱ?\"라는 제목의 일기를 작성했습니다.','2021-11-18','\0','20:56:01','https://papers-bucket.s3.ap-northeast-2.amazonaws.com/dummy-user/wlgns/%ED%9B%88.jpg',1,'ssafy_coach') ON DUPLICATE KEY UPDATE id=111;
INSERT INTO `notification` VALUES (112,8,13,'착한 훈이님이 \"페퍼 마켓 ㄱ?\"라는 제목의 일기를 작성했습니다.','2021-11-18','\0','20:56:01','https://papers-bucket.s3.ap-northeast-2.amazonaws.com/dummy-user/wlgns/%ED%9B%88.jpg',1,'ssafy_consult') ON DUPLICATE KEY UPDATE id=112;
INSERT INTO `notification` VALUES (113,8,13,'착한 훈이님이 \"페퍼 마켓 ㄱ?\"라는 제목의 일기를 작성했습니다.','2021-11-18','\0','20:56:01','https://papers-bucket.s3.ap-northeast-2.amazonaws.com/dummy-user/wlgns/%ED%9B%88.jpg',1,'qjawls') ON DUPLICATE KEY UPDATE id=113;
INSERT INTO `notification` VALUES (114,8,13,'착한 훈이님이 \"페퍼 마켓 ㄱ?\"라는 제목의 일기를 작성했습니다.','2021-11-18','\0','20:56:01','https://papers-bucket.s3.ap-northeast-2.amazonaws.com/dummy-user/wlgns/%ED%9B%88.jpg',1,'tksgk') ON DUPLICATE KEY UPDATE id=114;
INSERT INTO `notification` VALUES (115,8,13,'착한 훈이님이 \"페퍼 마켓 ㄱ?\"라는 제목의 일기를 작성했습니다.','2021-11-18','\0','20:56:01','https://papers-bucket.s3.ap-northeast-2.amazonaws.com/dummy-user/wlgns/%ED%9B%88.jpg',1,'wldks') ON DUPLICATE KEY UPDATE id=115;
INSERT INTO `notification` VALUES (116,8,13,'착한 훈이님이 \"페퍼 마켓 ㄱ?\"라는 제목의 일기를 작성했습니다.','2021-11-18','\0','20:56:01','https://papers-bucket.s3.ap-northeast-2.amazonaws.com/dummy-user/wlgns/%ED%9B%88.jpg',1,'wodud') ON DUPLICATE KEY UPDATE id=116;
INSERT INTO `notification` VALUES (117,8,14,'마카롱님이 \"후니 일기 많이 쓰네\"라는 제목의 일기를 작성했습니다.','2021-11-18','\0','20:57:36','https://papers-bucket.s3.ap-northeast-2.amazonaws.com/dummy-user/qjawls/%EB%A7%88%EC%B9%B4%EB%A1%B1.jpg',1,'wlgns') ON DUPLICATE KEY UPDATE id=117;
INSERT INTO `notification` VALUES (118,8,14,'마카롱님이 \"후니 일기 많이 쓰네\"라는 제목의 일기를 작성했습니다.','2021-11-18','\0','20:57:36','https://papers-bucket.s3.ap-northeast-2.amazonaws.com/dummy-user/qjawls/%EB%A7%88%EC%B9%B4%EB%A1%B1.jpg',1,'ssafy_coach') ON DUPLICATE KEY UPDATE id=118;
INSERT INTO `notification` VALUES (119,8,14,'마카롱님이 \"후니 일기 많이 쓰네\"라는 제목의 일기를 작성했습니다.','2021-11-18','\0','20:57:36','https://papers-bucket.s3.ap-northeast-2.amazonaws.com/dummy-user/qjawls/%EB%A7%88%EC%B9%B4%EB%A1%B1.jpg',1,'ssafy_consult') ON DUPLICATE KEY UPDATE id=119;
INSERT INTO `notification` VALUES (120,8,14,'마카롱님이 \"후니 일기 많이 쓰네\"라는 제목의 일기를 작성했습니다.','2021-11-18','\0','20:57:36','https://papers-bucket.s3.ap-northeast-2.amazonaws.com/dummy-user/qjawls/%EB%A7%88%EC%B9%B4%EB%A1%B1.jpg',1,'tksgk') ON DUPLICATE KEY UPDATE id=120;
INSERT INTO `notification` VALUES (121,8,14,'마카롱님이 \"후니 일기 많이 쓰네\"라는 제목의 일기를 작성했습니다.','2021-11-18','\0','20:57:36','https://papers-bucket.s3.ap-northeast-2.amazonaws.com/dummy-user/qjawls/%EB%A7%88%EC%B9%B4%EB%A1%B1.jpg',1,'wldks') ON DUPLICATE KEY UPDATE id=121;
INSERT INTO `notification` VALUES (122,8,14,'마카롱님이 \"후니 일기 많이 쓰네\"라는 제목의 일기를 작성했습니다.','2021-11-18','\0','20:57:36','https://papers-bucket.s3.ap-northeast-2.amazonaws.com/dummy-user/qjawls/%EB%A7%88%EC%B9%B4%EB%A1%B1.jpg',1,'wodud') ON DUPLICATE KEY UPDATE id=122;
INSERT INTO `notification` VALUES (123,8,14,'마카롱님이 \"후니 일기 많이 쓰네\" 에 감정을 표현했습니다.','2021-11-18','\0','20:57:50','https://papers-bucket.s3.ap-northeast-2.amazonaws.com/dummy-user/qjawls/%EB%A7%88%EC%B9%B4%EB%A1%B1.jpg',2,'wlgns') ON DUPLICATE KEY UPDATE id=123;
INSERT INTO `notification` VALUES (124,8,14,'마카롱님이 \"후니 일기 많이 쓰네\" 에 감정을 표현했습니다.','2021-11-18','\0','20:57:50','https://papers-bucket.s3.ap-northeast-2.amazonaws.com/dummy-user/qjawls/%EB%A7%88%EC%B9%B4%EB%A1%B1.jpg',2,'ssafy_coach') ON DUPLICATE KEY UPDATE id=124;
INSERT INTO `notification` VALUES (125,8,14,'마카롱님이 \"후니 일기 많이 쓰네\" 에 감정을 표현했습니다.','2021-11-18','\0','20:57:50','https://papers-bucket.s3.ap-northeast-2.amazonaws.com/dummy-user/qjawls/%EB%A7%88%EC%B9%B4%EB%A1%B1.jpg',2,'ssafy_consult') ON DUPLICATE KEY UPDATE id=125;
INSERT INTO `notification` VALUES (126,8,14,'마카롱님이 \"후니 일기 많이 쓰네\" 에 감정을 표현했습니다.','2021-11-18','\0','20:57:50','https://papers-bucket.s3.ap-northeast-2.amazonaws.com/dummy-user/qjawls/%EB%A7%88%EC%B9%B4%EB%A1%B1.jpg',2,'tksgk') ON DUPLICATE KEY UPDATE id=126;
INSERT INTO `notification` VALUES (127,8,14,'마카롱님이 \"후니 일기 많이 쓰네\" 에 감정을 표현했습니다.','2021-11-18','\0','20:57:50','https://papers-bucket.s3.ap-northeast-2.amazonaws.com/dummy-user/qjawls/%EB%A7%88%EC%B9%B4%EB%A1%B1.jpg',2,'wldks') ON DUPLICATE KEY UPDATE id=127;
INSERT INTO `notification` VALUES (128,8,14,'마카롱님이 \"후니 일기 많이 쓰네\" 에 감정을 표현했습니다.','2021-11-18','\0','20:57:50','https://papers-bucket.s3.ap-northeast-2.amazonaws.com/dummy-user/qjawls/%EB%A7%88%EC%B9%B4%EB%A1%B1.jpg',2,'wodud') ON DUPLICATE KEY UPDATE id=128;
INSERT INTO `notification` VALUES (129,8,14,'마카롱님이 \"후니 일기 많이 쓰네\" 에 감정을 표현했습니다.','2021-11-18','\0','20:57:54','https://papers-bucket.s3.ap-northeast-2.amazonaws.com/dummy-user/qjawls/%EB%A7%88%EC%B9%B4%EB%A1%B1.jpg',2,'wlgns') ON DUPLICATE KEY UPDATE id=129;
INSERT INTO `notification` VALUES (130,8,14,'마카롱님이 \"후니 일기 많이 쓰네\" 에 감정을 표현했습니다.','2021-11-18','\0','20:57:54','https://papers-bucket.s3.ap-northeast-2.amazonaws.com/dummy-user/qjawls/%EB%A7%88%EC%B9%B4%EB%A1%B1.jpg',2,'ssafy_coach') ON DUPLICATE KEY UPDATE id=130;
INSERT INTO `notification` VALUES (131,8,14,'마카롱님이 \"후니 일기 많이 쓰네\" 에 감정을 표현했습니다.','2021-11-18','\0','20:57:54','https://papers-bucket.s3.ap-northeast-2.amazonaws.com/dummy-user/qjawls/%EB%A7%88%EC%B9%B4%EB%A1%B1.jpg',2,'ssafy_consult') ON DUPLICATE KEY UPDATE id=131;
INSERT INTO `notification` VALUES (132,8,14,'마카롱님이 \"후니 일기 많이 쓰네\" 에 감정을 표현했습니다.','2021-11-18','\0','20:57:54','https://papers-bucket.s3.ap-northeast-2.amazonaws.com/dummy-user/qjawls/%EB%A7%88%EC%B9%B4%EB%A1%B1.jpg',2,'tksgk') ON DUPLICATE KEY UPDATE id=132;
INSERT INTO `notification` VALUES (133,8,14,'마카롱님이 \"후니 일기 많이 쓰네\" 에 감정을 표현했습니다.','2021-11-18','\0','20:57:54','https://papers-bucket.s3.ap-northeast-2.amazonaws.com/dummy-user/qjawls/%EB%A7%88%EC%B9%B4%EB%A1%B1.jpg',2,'wldks') ON DUPLICATE KEY UPDATE id=133;
INSERT INTO `notification` VALUES (134,8,14,'마카롱님이 \"후니 일기 많이 쓰네\" 에 감정을 표현했습니다.','2021-11-18','','20:57:54','https://papers-bucket.s3.ap-northeast-2.amazonaws.com/dummy-user/qjawls/%EB%A7%88%EC%B9%B4%EB%A1%B1.jpg',2,'wodud') ON DUPLICATE KEY UPDATE id=134;
INSERT INTO `notification` VALUES (135,8,14,'카누님이 \"후니 일기 많이 쓰네\" 에 감정을 표현했습니다.','2021-11-18','\0','20:58:07','https://papers-bucket.s3.ap-northeast-2.amazonaws.com/dummy-user/wodud/%EC%B9%B4%EB%88%84.jpg',2,'wlgns') ON DUPLICATE KEY UPDATE id=135;
INSERT INTO `notification` VALUES (136,8,14,'카누님이 \"후니 일기 많이 쓰네\" 에 감정을 표현했습니다.','2021-11-18','\0','20:58:07','https://papers-bucket.s3.ap-northeast-2.amazonaws.com/dummy-user/wodud/%EC%B9%B4%EB%88%84.jpg',2,'ssafy_coach') ON DUPLICATE KEY UPDATE id=136;
INSERT INTO `notification` VALUES (137,8,14,'카누님이 \"후니 일기 많이 쓰네\" 에 감정을 표현했습니다.','2021-11-18','\0','20:58:07','https://papers-bucket.s3.ap-northeast-2.amazonaws.com/dummy-user/wodud/%EC%B9%B4%EB%88%84.jpg',2,'ssafy_consult') ON DUPLICATE KEY UPDATE id=137;
INSERT INTO `notification` VALUES (138,8,14,'카누님이 \"후니 일기 많이 쓰네\" 에 감정을 표현했습니다.','2021-11-18','\0','20:58:07','https://papers-bucket.s3.ap-northeast-2.amazonaws.com/dummy-user/wodud/%EC%B9%B4%EB%88%84.jpg',2,'qjawls') ON DUPLICATE KEY UPDATE id=138;
INSERT INTO `notification` VALUES (139,8,14,'카누님이 \"후니 일기 많이 쓰네\" 에 감정을 표현했습니다.','2021-11-18','\0','20:58:07','https://papers-bucket.s3.ap-northeast-2.amazonaws.com/dummy-user/wodud/%EC%B9%B4%EB%88%84.jpg',2,'tksgk') ON DUPLICATE KEY UPDATE id=139;
INSERT INTO `notification` VALUES (140,8,14,'카누님이 \"후니 일기 많이 쓰네\" 에 감정을 표현했습니다.','2021-11-18','\0','20:58:07','https://papers-bucket.s3.ap-northeast-2.amazonaws.com/dummy-user/wodud/%EC%B9%B4%EB%88%84.jpg',2,'wldks') ON DUPLICATE KEY UPDATE id=140;
INSERT INTO `notification` VALUES (141,8,15,'카누님이 \"오늘 내 생일이야 애들아\"라는 제목의 일기를 작성했습니다.','2021-11-18','\0','20:59:15','https://papers-bucket.s3.ap-northeast-2.amazonaws.com/dummy-user/wodud/%EC%B9%B4%EB%88%84.jpg',1,'wlgns') ON DUPLICATE KEY UPDATE id=141;
INSERT INTO `notification` VALUES (142,8,15,'카누님이 \"오늘 내 생일이야 애들아\"라는 제목의 일기를 작성했습니다.','2021-11-18','\0','20:59:15','https://papers-bucket.s3.ap-northeast-2.amazonaws.com/dummy-user/wodud/%EC%B9%B4%EB%88%84.jpg',1,'ssafy_coach') ON DUPLICATE KEY UPDATE id=142;
INSERT INTO `notification` VALUES (143,8,15,'카누님이 \"오늘 내 생일이야 애들아\"라는 제목의 일기를 작성했습니다.','2021-11-18','\0','20:59:15','https://papers-bucket.s3.ap-northeast-2.amazonaws.com/dummy-user/wodud/%EC%B9%B4%EB%88%84.jpg',1,'ssafy_consult') ON DUPLICATE KEY UPDATE id=143;
INSERT INTO `notification` VALUES (144,8,15,'카누님이 \"오늘 내 생일이야 애들아\"라는 제목의 일기를 작성했습니다.','2021-11-18','\0','20:59:15','https://papers-bucket.s3.ap-northeast-2.amazonaws.com/dummy-user/wodud/%EC%B9%B4%EB%88%84.jpg',1,'qjawls') ON DUPLICATE KEY UPDATE id=144;
INSERT INTO `notification` VALUES (145,8,15,'카누님이 \"오늘 내 생일이야 애들아\"라는 제목의 일기를 작성했습니다.','2021-11-18','\0','20:59:15','https://papers-bucket.s3.ap-northeast-2.amazonaws.com/dummy-user/wodud/%EC%B9%B4%EB%88%84.jpg',1,'tksgk') ON DUPLICATE KEY UPDATE id=145;
INSERT INTO `notification` VALUES (146,8,15,'카누님이 \"오늘 내 생일이야 애들아\"라는 제목의 일기를 작성했습니다.','2021-11-18','\0','20:59:15','https://papers-bucket.s3.ap-northeast-2.amazonaws.com/dummy-user/wodud/%EC%B9%B4%EB%88%84.jpg',1,'wldks') ON DUPLICATE KEY UPDATE id=146;
INSERT INTO `notification` VALUES (147,8,15,'카누님이 \"오늘 내 생일이야 애들아\" 에 감정을 표현했습니다.','2021-11-18','\0','20:59:30','https://papers-bucket.s3.ap-northeast-2.amazonaws.com/dummy-user/wodud/%EC%B9%B4%EB%88%84.jpg',2,'wlgns') ON DUPLICATE KEY UPDATE id=147;
INSERT INTO `notification` VALUES (148,8,15,'카누님이 \"오늘 내 생일이야 애들아\" 에 감정을 표현했습니다.','2021-11-18','\0','20:59:30','https://papers-bucket.s3.ap-northeast-2.amazonaws.com/dummy-user/wodud/%EC%B9%B4%EB%88%84.jpg',2,'ssafy_coach') ON DUPLICATE KEY UPDATE id=148;
INSERT INTO `notification` VALUES (149,8,15,'카누님이 \"오늘 내 생일이야 애들아\" 에 감정을 표현했습니다.','2021-11-18','\0','20:59:30','https://papers-bucket.s3.ap-northeast-2.amazonaws.com/dummy-user/wodud/%EC%B9%B4%EB%88%84.jpg',2,'ssafy_consult') ON DUPLICATE KEY UPDATE id=149;
INSERT INTO `notification` VALUES (150,8,15,'카누님이 \"오늘 내 생일이야 애들아\" 에 감정을 표현했습니다.','2021-11-18','\0','20:59:30','https://papers-bucket.s3.ap-northeast-2.amazonaws.com/dummy-user/wodud/%EC%B9%B4%EB%88%84.jpg',2,'qjawls') ON DUPLICATE KEY UPDATE id=150;
INSERT INTO `notification` VALUES (151,8,15,'카누님이 \"오늘 내 생일이야 애들아\" 에 감정을 표현했습니다.','2021-11-18','\0','20:59:30','https://papers-bucket.s3.ap-northeast-2.amazonaws.com/dummy-user/wodud/%EC%B9%B4%EB%88%84.jpg',2,'tksgk') ON DUPLICATE KEY UPDATE id=151;
INSERT INTO `notification` VALUES (152,8,15,'카누님이 \"오늘 내 생일이야 애들아\" 에 감정을 표현했습니다.','2021-11-18','\0','20:59:30','https://papers-bucket.s3.ap-northeast-2.amazonaws.com/dummy-user/wodud/%EC%B9%B4%EB%88%84.jpg',2,'wldks') ON DUPLICATE KEY UPDATE id=152;
INSERT INTO `notification` VALUES (153,9,0,'로봇님이 단짝 일기★ 일기장에 회원님을 초대했습니다.','2021-11-18','\0','21:09:32','https://papers-bucket.s3.ap-northeast-2.amazonaws.com/dummy-user/tksgk/%EB%A1%9C%EB%B4%87.jpg',3,'wlgns') ON DUPLICATE KEY UPDATE id=153;
INSERT INTO `notification` VALUES (154,9,20,'로봇님이 \"앞으로도 잘 지내자\"라는 제목의 일기를 작성했습니다.','2021-11-18','\0','21:11:57','https://papers-bucket.s3.ap-northeast-2.amazonaws.com/dummy-user/tksgk/%EB%A1%9C%EB%B4%87.jpg',1,'wlgns') ON DUPLICATE KEY UPDATE id=154;
INSERT INTO `notification` VALUES (155,8,21,'착한 훈이님이 \"갬성 카페\"라는 제목의 일기를 작성했습니다.','2021-11-18','\0','21:14:28','https://papers-bucket.s3.ap-northeast-2.amazonaws.com/dummy-user/wlgns/%ED%9B%88.jpg',1,'ssafy_coach') ON DUPLICATE KEY UPDATE id=155;
INSERT INTO `notification` VALUES (156,8,21,'착한 훈이님이 \"갬성 카페\"라는 제목의 일기를 작성했습니다.','2021-11-18','\0','21:14:28','https://papers-bucket.s3.ap-northeast-2.amazonaws.com/dummy-user/wlgns/%ED%9B%88.jpg',1,'ssafy_consult') ON DUPLICATE KEY UPDATE id=156;
INSERT INTO `notification` VALUES (157,8,21,'착한 훈이님이 \"갬성 카페\"라는 제목의 일기를 작성했습니다.','2021-11-18','\0','21:14:28','https://papers-bucket.s3.ap-northeast-2.amazonaws.com/dummy-user/wlgns/%ED%9B%88.jpg',1,'qjawls') ON DUPLICATE KEY UPDATE id=157;
INSERT INTO `notification` VALUES (158,8,21,'착한 훈이님이 \"갬성 카페\"라는 제목의 일기를 작성했습니다.','2021-11-18','\0','21:14:28','https://papers-bucket.s3.ap-northeast-2.amazonaws.com/dummy-user/wlgns/%ED%9B%88.jpg',1,'tksgk') ON DUPLICATE KEY UPDATE id=158;
INSERT INTO `notification` VALUES (159,8,21,'착한 훈이님이 \"갬성 카페\"라는 제목의 일기를 작성했습니다.','2021-11-18','\0','21:14:28','https://papers-bucket.s3.ap-northeast-2.amazonaws.com/dummy-user/wlgns/%ED%9B%88.jpg',1,'wldks') ON DUPLICATE KEY UPDATE id=159;
INSERT INTO `notification` VALUES (160,8,21,'착한 훈이님이 \"갬성 카페\"라는 제목의 일기를 작성했습니다.','2021-11-18','\0','21:14:28','https://papers-bucket.s3.ap-northeast-2.amazonaws.com/dummy-user/wlgns/%ED%9B%88.jpg',1,'wodud') ON DUPLICATE KEY UPDATE id=160;
INSERT INTO `notification` VALUES (161,8,21,'착한 훈이님이 \"하이룽 일기 꽂혔다.\"라는 제목의 일기를 작성했습니다.','2021-11-18','\0','21:15:24','https://papers-bucket.s3.ap-northeast-2.amazonaws.com/dummy-user/wlgns/%ED%9B%88.jpg',1,'ssafy_coach') ON DUPLICATE KEY UPDATE id=161;
INSERT INTO `notification` VALUES (162,8,21,'착한 훈이님이 \"하이룽 일기 꽂혔다.\"라는 제목의 일기를 작성했습니다.','2021-11-18','\0','21:15:24','https://papers-bucket.s3.ap-northeast-2.amazonaws.com/dummy-user/wlgns/%ED%9B%88.jpg',1,'ssafy_consult') ON DUPLICATE KEY UPDATE id=162;
INSERT INTO `notification` VALUES (163,8,21,'착한 훈이님이 \"하이룽 일기 꽂혔다.\"라는 제목의 일기를 작성했습니다.','2021-11-18','\0','21:15:24','https://papers-bucket.s3.ap-northeast-2.amazonaws.com/dummy-user/wlgns/%ED%9B%88.jpg',1,'qjawls') ON DUPLICATE KEY UPDATE id=163;
INSERT INTO `notification` VALUES (164,8,21,'착한 훈이님이 \"하이룽 일기 꽂혔다.\"라는 제목의 일기를 작성했습니다.','2021-11-18','\0','21:15:24','https://papers-bucket.s3.ap-northeast-2.amazonaws.com/dummy-user/wlgns/%ED%9B%88.jpg',1,'tksgk') ON DUPLICATE KEY UPDATE id=164;
INSERT INTO `notification` VALUES (165,8,21,'착한 훈이님이 \"하이룽 일기 꽂혔다.\"라는 제목의 일기를 작성했습니다.','2021-11-18','\0','21:15:24','https://papers-bucket.s3.ap-northeast-2.amazonaws.com/dummy-user/wlgns/%ED%9B%88.jpg',1,'wldks') ON DUPLICATE KEY UPDATE id=165;
INSERT INTO `notification` VALUES (166,8,21,'착한 훈이님이 \"하이룽 일기 꽂혔다.\"라는 제목의 일기를 작성했습니다.','2021-11-18','\0','21:15:24','https://papers-bucket.s3.ap-northeast-2.amazonaws.com/dummy-user/wlgns/%ED%9B%88.jpg',1,'wodud') ON DUPLICATE KEY UPDATE id=166;
INSERT INTO `notification` VALUES (167,8,21,'착한 훈이님이 \"개사료 가격 실화?\"라는 제목의 일기를 작성했습니다.','2021-11-18','\0','21:15:51','https://papers-bucket.s3.ap-northeast-2.amazonaws.com/dummy-user/wlgns/%ED%9B%88.jpg',1,'ssafy_coach') ON DUPLICATE KEY UPDATE id=167;
INSERT INTO `notification` VALUES (168,8,21,'착한 훈이님이 \"개사료 가격 실화?\"라는 제목의 일기를 작성했습니다.','2021-11-18','\0','21:15:51','https://papers-bucket.s3.ap-northeast-2.amazonaws.com/dummy-user/wlgns/%ED%9B%88.jpg',1,'ssafy_consult') ON DUPLICATE KEY UPDATE id=168;
INSERT INTO `notification` VALUES (169,8,21,'착한 훈이님이 \"개사료 가격 실화?\"라는 제목의 일기를 작성했습니다.','2021-11-18','\0','21:15:51','https://papers-bucket.s3.ap-northeast-2.amazonaws.com/dummy-user/wlgns/%ED%9B%88.jpg',1,'qjawls') ON DUPLICATE KEY UPDATE id=169;
INSERT INTO `notification` VALUES (170,8,21,'착한 훈이님이 \"개사료 가격 실화?\"라는 제목의 일기를 작성했습니다.','2021-11-18','\0','21:15:51','https://papers-bucket.s3.ap-northeast-2.amazonaws.com/dummy-user/wlgns/%ED%9B%88.jpg',1,'tksgk') ON DUPLICATE KEY UPDATE id=170;
INSERT INTO `notification` VALUES (171,8,21,'착한 훈이님이 \"개사료 가격 실화?\"라는 제목의 일기를 작성했습니다.','2021-11-18','\0','21:15:51','https://papers-bucket.s3.ap-northeast-2.amazonaws.com/dummy-user/wlgns/%ED%9B%88.jpg',1,'wldks') ON DUPLICATE KEY UPDATE id=171;
INSERT INTO `notification` VALUES (172,8,21,'착한 훈이님이 \"개사료 가격 실화?\"라는 제목의 일기를 작성했습니다.','2021-11-18','\0','21:15:51','https://papers-bucket.s3.ap-northeast-2.amazonaws.com/dummy-user/wlgns/%ED%9B%88.jpg',1,'wodud') ON DUPLICATE KEY UPDATE id=172;
INSERT INTO `notification` VALUES (173,8,21,'착한 훈이님이 \"일본 여행 기록\"라는 제목의 일기를 작성했습니다.','2021-11-18','\0','21:16:16','https://papers-bucket.s3.ap-northeast-2.amazonaws.com/dummy-user/wlgns/%ED%9B%88.jpg',1,'ssafy_coach') ON DUPLICATE KEY UPDATE id=173;
INSERT INTO `notification` VALUES (174,8,21,'착한 훈이님이 \"일본 여행 기록\"라는 제목의 일기를 작성했습니다.','2021-11-18','\0','21:16:16','https://papers-bucket.s3.ap-northeast-2.amazonaws.com/dummy-user/wlgns/%ED%9B%88.jpg',1,'ssafy_consult') ON DUPLICATE KEY UPDATE id=174;
INSERT INTO `notification` VALUES (175,8,21,'착한 훈이님이 \"일본 여행 기록\"라는 제목의 일기를 작성했습니다.','2021-11-18','\0','21:16:16','https://papers-bucket.s3.ap-northeast-2.amazonaws.com/dummy-user/wlgns/%ED%9B%88.jpg',1,'qjawls') ON DUPLICATE KEY UPDATE id=175;
INSERT INTO `notification` VALUES (176,8,21,'착한 훈이님이 \"일본 여행 기록\"라는 제목의 일기를 작성했습니다.','2021-11-18','\0','21:16:16','https://papers-bucket.s3.ap-northeast-2.amazonaws.com/dummy-user/wlgns/%ED%9B%88.jpg',1,'tksgk') ON DUPLICATE KEY UPDATE id=176;
INSERT INTO `notification` VALUES (177,8,21,'착한 훈이님이 \"일본 여행 기록\"라는 제목의 일기를 작성했습니다.','2021-11-18','\0','21:16:16','https://papers-bucket.s3.ap-northeast-2.amazonaws.com/dummy-user/wlgns/%ED%9B%88.jpg',1,'wldks') ON DUPLICATE KEY UPDATE id=177;
INSERT INTO `notification` VALUES (178,8,21,'착한 훈이님이 \"일본 여행 기록\"라는 제목의 일기를 작성했습니다.','2021-11-18','\0','21:16:16','https://papers-bucket.s3.ap-northeast-2.amazonaws.com/dummy-user/wlgns/%ED%9B%88.jpg',1,'wodud') ON DUPLICATE KEY UPDATE id=178;

-- 감정 종류
insert into emotion_info values (1, '좋아요') ON DUPLICATE KEY UPDATE id=1;
insert into emotion_info values (2, '웃겨요') ON DUPLICATE KEY UPDATE id=2;
insert into emotion_info values (3, '슬퍼요') ON DUPLICATE KEY UPDATE id=3;

-- 감정 로그
INSERT INTO `emotion_log` VALUES (1,3,'wlgns') ON DUPLICATE KEY UPDATE id=1;
INSERT INTO `emotion_log` VALUES (2,4,'wlgns') ON DUPLICATE KEY UPDATE id=2;
INSERT INTO `emotion_log` VALUES (3,5,'wlgns') ON DUPLICATE KEY UPDATE id=3;
INSERT INTO `emotion_log` VALUES (4,6,'wlgns') ON DUPLICATE KEY UPDATE id=4;
INSERT INTO `emotion_log` VALUES (5,12,'wlgns') ON DUPLICATE KEY UPDATE id=5;
INSERT INTO `emotion_log` VALUES (6,14,'qjawls') ON DUPLICATE KEY UPDATE id=6;
INSERT INTO `emotion_log` VALUES (7,14,'wodud') ON DUPLICATE KEY UPDATE id=7;
INSERT INTO `emotion_log` VALUES (8,15,'wodud') ON DUPLICATE KEY UPDATE id=8;

-- 감정
INSERT INTO `emotion` VALUES (1,3,3,'wlgns') ON DUPLICATE KEY UPDATE id=1;
INSERT INTO `emotion` VALUES (2,3,4,'wlgns') ON DUPLICATE KEY UPDATE id=2;
INSERT INTO `emotion` VALUES (3,1,5,'wlgns') ON DUPLICATE KEY UPDATE id=3;
INSERT INTO `emotion` VALUES (4,2,6,'wlgns') ON DUPLICATE KEY UPDATE id=4;
INSERT INTO `emotion` VALUES (5,3,12,'wlgns') ON DUPLICATE KEY UPDATE id=5;
INSERT INTO `emotion` VALUES (6,1,14,'qjawls') ON DUPLICATE KEY UPDATE id=6;
INSERT INTO `emotion` VALUES (7,3,14,'qjawls') ON DUPLICATE KEY UPDATE id=7;
INSERT INTO `emotion` VALUES (8,2,14,'wodud') ON DUPLICATE KEY UPDATE id=8;
INSERT INTO `emotion` VALUES (9,1,15,'wodud') ON DUPLICATE KEY UPDATE id=9;